entry_filter,cost_bps_per_side,period,policy,quarter,trades,tickers,signal_dates,win_rate_pct,mean_net_return_pct,median_net_return_pct,p10_net_return_pct,worst_net_return_pct,loss_at_least_10pct_rate,mean_winner_pct,mean_loser_pct,median_excess_spy_pp,mean_excess_spy_pp,beat_spy_pct,date_balanced_median_return_pct,date_balanced_median_excess_spy_pp,median_return_without_3_largest_dates_pct,median_adverse_excursion_pct,median_sessions_to_exit,positive_quarters_min30,quarters_min30,positive_sectors_min30,sectors_min30,sample_flag
all_drops,0,older,hold_20,2024Q3,26,26,11,73.07692307692307,4.117957899409765,3.2105901521737756,-6.2350387243049585,-25.236711352770225,7.6923076923076925,8.629584647483506,-8.127886131076108,0.07473955155679057,1.5590035593355984,50.0,1.3600782991209537,-0.7735123516777909,-1.0619394144525396,-2.572570577323263,20.0,0,0,0,0,small (<30 trades)
all_drops,0,older,hold_20,2024Q4,222,203,46,54.054054054054056,1.9760550243473658,1.118575785726339,-9.917446495869036,-29.055768564370275,9.90990990990991,9.129936224545917,-6.440275799415635,-0.7690150243826688,0.2798929592318918,46.3963963963964,-0.6481077595590357,-0.8784222023808492,-0.23558630749367926,-5.346743725961172,20.0,1,1,0,2,descriptive only
all_drops,0,older,hold_20,2025Q1,275,240,50,32.72727272727273,-4.310066198941632,-3.968991593088589,-16.502909198142472,-39.00729108244532,26.545454545454543,6.405243406273216,-9.522919520397505,-0.2671208570189547,-0.2998751402923352,49.09090909090909,-2.6987556176929965,0.18289252196166395,-3.968991593088589,-9.466518917207534,20.0,0,1,0,4,descriptive only
all_drops,0,older,hold_20,2025Q2,408,363,47,84.06862745098039,9.045069652202145,8.207269068969625,-1.6740350896173717,-35.16927741283477,3.1862745098039214,11.77478116078423,-5.359408000777165,-1.093194850557421,-0.47838361713151983,44.85294117647059,4.430789133247082,-0.38984431157240707,3.9871187009608455,-5.372873067621692,20.0,1,1,5,5,descriptive only
all_drops,0,older,hold_20,2025Q3,194,185,48,61.34020618556701,3.3705873073326176,2.067487928673506,-8.834416621909668,-24.842798682503243,8.24742268041237,9.685231743701243,-6.6486485317056,0.060369028419948734,1.4285991359972812,51.03092783505154,0.6041122847788766,-1.4939714119255125,2.0234567494099243,-4.399405151015207,20.0,1,1,3,3,descriptive only
all_drops,0,older,hold_20,2025Q4,198,190,33,54.54545454545454,2.216199866753051,1.0159891150008482,-10.07369147114887,-27.408759124087588,10.606060606060606,9.905650554540566,-7.011140958591966,0.18104351014587294,1.021124181035325,51.010101010101,0.9848578111535167,-0.09331551065492327,1.853905214885021,-5.8310698137022,20.0,1,1,1,1,descriptive only
all_drops,0,older,hold_30,2024Q3,26,26,11,65.38461538461539,6.602174231859902,4.692701659377074,-15.365663592071893,-36.66086524117353,15.384615384615385,16.61043594483384,-12.302320114868646,1.8256904304227661,3.33258022965227,53.84615384615385,1.457559302657896,-0.24098997158370494,0.8377051954645331,-4.390785713684875,30.0,0,0,0,0,small (<30 trades)
all_drops,0,older,hold_30,2024Q4,222,203,46,52.702702702702695,2.187006544080486,0.6677439089418646,-11.909809508398308,-36.93535586134431,14.864864864864865,10.894545700096637,-7.515679944051799,-1.6284729928594754,0.1758874955348482,42.792792792792795,0.5468748594755324,-1.964936702458811,-0.7308078940468976,-6.920607284259633,30.0,1,1,1,2,descriptive only
all_drops,0,older,hold_30,2025Q1,275,240,50,25.09090909090909,-7.487886262442708,-7.018734727124631,-23.99857743762297,-44.6772997032641,40.36363636363636,8.4923239644614,-12.840480950095055,-1.0706836863302982,-0.9880886239457637,48.0,-5.412467683382319,0.020095686756255393,-4.01943462897526,-16.33858267716536,30.0,0,1,0,4,descriptive only
all_drops,0,older,hold_30,2025Q2,408,363,47,87.74509803921569,14.403322161276714,12.553274584536533,-0.853284352351352,-32.305112775047085,1.9607843137254901,17.16984933318733,-5.405012389603297,-1.2328969170097066,0.23128152980501263,47.30392156862745,6.179626734833477,-2.132453961139067,5.8705469141997035,-5.503039309694296,30.0,1,1,5,5,descriptive only
all_drops,0,older,hold_30,2025Q3,194,185,48,58.76288659793815,5.538454167938976,1.4672545900815348,-9.468683908410066,-22.397444854775927,9.793814432989691,14.041535920682193,-6.57843732972011,-1.8397019521112057,2.166173905323409,42.2680412371134,0.9466715436917572,-1.9622544629506633,1.9201203444510484,-4.873421122749034,30.0,1,1,3,3,descriptive only
all_drops,0,older,hold_30,2025Q4,198,190,33,56.56565656565656,1.9721824504079075,1.6169851711270833,-13.580181614040825,-41.25,15.656565656565657,10.818597231351962,-9.548729822449465,0.8407192785326478,0.7487041782481231,52.52525252525253,1.3768456970626843,-0.1917655059666068,2.3448128042354854,-6.941327540658704,30.0,1,1,1,1,descriptive only
all_drops,0,older,recovery_30,2024Q3,26,26,11,73.07692307692307,3.527669915731986,6.433976679465381,-9.004035364941732,-21.13996437611324,11.538461538461538,8.432021208474072,-9.784140735996536,3.877294808586318,1.7874444300765913,69.23076923076923,3.003735214774861,2.6953754377978534,2.618741107121081,-2.4422961161580603,26.0,0,0,0,0,small (<30 trades)
all_drops,0,older,recovery_30,2024Q4,222,203,46,62.612612612612615,1.816667400975893,3.8418467999798533,-10.21973521500686,-36.93535586134431,12.162162162162163,7.629981966080751,-7.918883497211762,1.8885349043833988,-0.017913357692260982,57.65765765765766,2.6257601265968518,0.5791994457499838,3.129840054307098,-5.7411421876268465,30.0,1,1,2,2,descriptive only
all_drops,0,older,recovery_30,2025Q1,275,240,50,41.090909090909086,-5.054009242922447,-3.2395233033066573,-23.822042257573376,-44.6772997032641,34.54545454545455,7.828539934817209,-14.03998490393838,1.5862350860507357,-0.05521575569387845,57.45454545454546,-2.3510381315304336,2.0161154935692482,-1.3735443415945126,-11.031224322103528,30.0,0,1,0,4,descriptive only
all_drops,0,older,recovery_30,2025Q2,408,363,47,89.2156862745098,9.33070413348193,9.33181234199202,-0.302796543041823,-32.305112775047085,1.715686274509804,11.148535186260608,-5.707716394050784,1.4061791975846223,-0.4086488278021379,54.90196078431373,6.58672352781613,2.39498589349022,6.2591225208208146,-5.413684526446854,22.0,1,1,5,5,descriptive only
all_drops,0,older,recovery_30,2025Q3,194,185,48,62.88659793814433,3.360751246425449,3.6653375777377484,-9.37123118266091,-22.397444854775927,9.793814432989691,9.392303556733612,-6.859379057152268,-0.02441818486241809,0.7446140883079198,50.0,1.8261874498468333,-0.7394167640987048,4.32182348009168,-4.537995431491954,30.0,1,1,3,3,descriptive only
all_drops,0,older,recovery_30,2025Q4,198,190,33,68.18181818181817,2.030557068551684,4.512614943698711,-10.939493082199752,-41.25,11.616161616161616,7.573063532783375,-9.846242497659084,2.8191203698368805,0.6294653173756396,64.14141414141415,3.734177215189871,2.5756129248351356,4.497392728354521,-5.653005919393461,29.5,1,1,1,1,descriptive only
all_drops,0,older,recovery_stop_10,2024Q3,26,26,11,73.07692307692307,3.381843451840463,6.433976679465381,-8.991476991762697,-33.02084309865316,7.6923076923076925,8.432021208474072,-10.325781887593621,3.877294808586318,1.7564504998554136,69.23076923076923,3.003735214774861,2.6953754377978534,2.618741107121081,-2.4422961161580603,18.0,0,0,0,0,small (<30 trades)
all_drops,0,older,recovery_stop_10,2024Q4,222,203,46,60.36036036036037,1.151950355582031,3.3493195861167058,-11.306393479249827,-19.5568618584671,20.27027027027027,7.515801361360924,-8.538459130490374,1.556311609939176,-0.33817984674397583,55.4054054054054,1.5227162959769946,-0.16554016656159254,1.7374483938962015,-5.7411421876268465,19.0,1,1,2,2,descriptive only
all_drops,0,older,recovery_stop_10,2025Q1,275,240,50,36.36363636363637,-4.589587074394588,-8.497212522207908,-16.16674091378502,-26.87105500450857,41.45454545454545,7.325502330185583,-11.398209591297542,-0.7397784051612177,-0.1921801284173524,48.36363636363637,-3.326047252575573,0.9467295423690121,-5.302497067202971,-10.559868387229443,18.0,0,1,0,4,descriptive only
all_drops,0,older,recovery_stop_10,2025Q2,408,363,47,86.02941176470588,8.451813323916316,9.240178421632761,-4.672439237446507,-27.791444832017632,6.372549019607843,11.209876777279188,-8.532051099423487,1.3209795327177143,-0.409924574887686,53.92156862745098,6.35368929624498,1.9925523135946754,6.210907494787676,-5.413684526446854,19.0,1,1,5,5,descriptive only
all_drops,0,older,recovery_stop_10,2025Q3,194,185,48,62.371134020618555,3.0463105449746894,3.6653375777377484,-11.014466382491955,-24.039325281964263,13.402061855670103,9.46350551474055,-7.590409884363246,-0.02441818486241809,0.76047664182987,50.0,1.8261874498468333,-0.7394167640987048,4.32182348009168,-4.537995431491954,23.5,1,1,3,3,descriptive only
all_drops,0,older,recovery_stop_10,2025Q4,198,190,33,66.16161616161617,2.053062192152955,4.378624677340214,-11.147378413936874,-14.995687796464008,19.19191919191919,7.640749364961405,-8.872117205427744,2.6909972449312813,0.9107376780889315,62.62626262626263,3.733333333333344,2.5367300979016516,3.9291346496976076,-5.653005919393461,15.0,1,1,1,1,descriptive only
all_drops,0,older,trailing_close_10,2024Q3,26,26,11,65.38461538461539,4.2743024989115925,2.811238160947971,-9.006774996902832,-33.02084309865316,7.6923076923076925,11.753972969127492,-9.853963944829548,1.1001416272830689,1.5137282019089797,53.84615384615385,0.8377051954645331,-0.6724122005259958,0.8377051954645331,-4.001990595158383,30.0,0,0,0,0,small (<30 trades)
all_drops,0,older,trailing_close_10,2024Q4,222,203,46,48.1981981981982,0.6660226435879536,-0.7810118065215976,-11.233142821466574,-19.5568618584671,17.117117117117118,9.644795454661407,-7.6881398849760405,-3.1045484356695296,-0.8616080104416474,40.090090090090094,-2.7257546771438794,-3.5453996437548927,-2.3583201376213836,-6.1239807402608815,30.0,0,1,1,2,descriptive only
all_drops,0,older,trailing_close_10,2025Q1,275,240,50,23.272727272727273,-5.726908905224239,-8.116113744075825,-14.307291455929207,-26.87105500450857,33.81818181818182,6.871011227515038,-9.548078992879754,-1.4012678387573594,-0.3427118580427926,42.54545454545455,-7.502491899168234,-0.8291913166313087,-8.161206393033504,-9.620991253644318,20.0,0,1,0,4,descriptive only
all_drops,0,older,trailing_close_10,2025Q2,408,363,47,81.37254901960785,11.459594169123028,10.206936098615436,-5.588111933731351,-27.791444832017632,6.127450980392156,15.74257034298854,-7.250249116710515,-2.2917677345908984,-0.6773230990269015,43.872549019607845,6.0336918542232,-0.9370183125704701,4.9230874644558,-5.445825059105019,30.0,1,1,5,5,descriptive only
all_drops,0,older,trailing_close_10,2025Q3,194,185,48,58.24742268041238,4.3453857092444546,1.3873616577026349,-10.343588034457643,-18.12159788024538,11.34020618556701,12.32937596572587,-6.79277353745184,-1.8397019521112057,1.4799578525606336,41.75257731958763,0.9458250407257451,-2.16662565918736,1.7643803812908976,-4.725826193519067,30.0,1,1,3,3,descriptive only
all_drops,0,older,trailing_close_10,2025Q4,198,190,33,51.010101010101,1.2161127037647335,0.47958974439433755,-10.628751013787513,-17.67803080163223,14.646464646464647,9.630307542629994,-7.545059241857856,-1.17304296001306,0.23349120013911864,48.484848484848484,-0.714637417287528,-1.4994569552158055,0.542179634467943,-5.8310698137022,29.0,1,1,1,1,descriptive only
all_drops,0,recent,hold_20,2026Q1,339,279,47,47.49262536873156,1.6231570560685002,-0.6124385404985833,-13.233314673740905,-39.372247890501285,19.174041297935105,12.961290862974932,-8.63212127489743,-0.12131103544766875,1.0373197167076365,49.557522123893804,-1.7992177314211322,-1.3358094618855398,0.16831868337385814,-8.029197080291961,20.0,0,1,1,5,descriptive only
all_drops,0,recent,hold_20,2026Q2,289,245,58,53.979238754325266,1.4009490449653221,0.6369426751592355,-12.667278457994906,-34.96545370796868,16.955017301038062,10.292928696949717,-9.028741373903593,-1.1565911083629254,-0.8674972209383738,45.32871972318339,-0.034469063958070256,-2.7840896940941997,1.0619469026548645,-7.974693681428702,20.0,1,1,4,5,descriptive only
all_drops,0,recent,hold_20,2026Q3,69,69,15,63.76811594202898,3.4140766640926845,4.015810276679854,-16.208602102634234,-29.308673568299028,17.391304347826086,11.76427403213274,-11.282270703657817,1.653979331887978,0.9171743037595114,53.62318840579711,4.015810276679854,1.393599862227135,4.790552967667638,-6.38618773566183,20.0,1,1,0,0,descriptive only
all_drops,0,recent,hold_30,2026Q1,339,279,47,46.017699115044245,2.7053908555691852,-1.266931131839466,-15.162552989624754,-36.12286067547341,23.008849557522122,17.24718350627885,-9.69089140405217,-0.5435783580600155,2.1088783977318855,48.67256637168141,0.6939542415664524,-1.2590320794460093,0.345736888368009,-9.995285242810004,30.0,0,1,1,5,descriptive only
all_drops,0,recent,hold_30,2026Q2,289,245,58,54.67128027681662,3.1343599055952045,2.099483204134356,-13.95923976254791,-41.473975126669735,17.647058823529413,13.859601320658578,-9.801427449977416,-0.6300677158617041,0.5004310013998201,47.40484429065744,2.155020514730049,-1.9323422106779564,2.847481758319992,-9.150468587296078,30.0,1,1,5,5,descriptive only
all_drops,0,recent,hold_30,2026Q3,69,69,15,62.31884057971014,7.626775724814758,5.327653614985106,-10.9189709864233,-19.995663721610935,13.043478260869565,17.28272861329222,-8.342684821513357,2.340490020791486,4.4326999899983965,53.62318840579711,6.272844334110939,2.634279196421797,8.002330775954158,-7.2993610721521,30.0,1,1,0,0,descriptive only
all_drops,0,recent,recovery_30,2026Q1,339,279,47,56.342182890855455,0.1550414349714604,3.0869540130402218,-14.764359210791323,-36.12286067547341,20.64896755162242,8.277636668961371,-10.327497008893896,2.7409630260194495,0.4757752076963239,59.29203539823009,2.859147627388076,1.5134673566116308,4.319145594471485,-7.785651878458411,30.0,1,1,2,5,descriptive only
all_drops,0,recent,recovery_30,2026Q2,289,245,58,65.39792387543253,2.399602537706983,5.809440340553396,-11.961060389983732,-41.473975126669735,13.84083044982699,8.845527811523054,-9.78319622980539,4.191438356966759,0.2449163606766531,60.553633217993074,4.295880296691368,2.7021116343061697,4.952808148771148,-7.744749672407892,23.0,1,1,5,5,descriptive only
all_drops,0,recent,recovery_30,2026Q3,69,69,15,72.46376811594203,6.0110469078412825,6.132491186839006,-9.01562013200739,-19.995663721610935,10.144927536231885,11.679958312461146,-8.9071409990531,5.858333718095299,4.019886999582906,69.56521739130434,6.132491186839006,4.514529469689489,7.303643724696363,-5.6058127225483645,17.0,1,1,0,0,descriptive only
all_drops,0,recent,recovery_stop_10,2026Q1,339,279,47,49.26253687315634,-1.0567885317011718,-1.065691108636857,-13.148684407984188,-25.793735099025085,30.678466076696164,8.43854594243444,-10.27609584089098,0.8899706992651639,-0.784080628486902,51.62241887905604,-1.1971331810663899,-1.2590320794460093,1.5162454873646203,-7.785651878458411,12.0,0,1,2,5,descriptive only
all_drops,0,recent,recovery_stop_10,2026Q2,289,245,58,58.47750865051903,1.3268777531878129,4.4319564335785655,-11.680673906999045,-15.42590431738623,22.837370242214533,8.914427033278429,-9.358920816273136,2.5739170768245945,-0.35338237469275985,54.67128027681662,1.1652057304750385,-0.3387091285114441,3.62968067999081,-7.744749672407892,12.0,1,1,5,5,descriptive only
all_drops,0,recent,recovery_stop_10,2026Q3,69,69,15,63.76811594202898,1.2895856125758554,5.807337649597799,-16.106150864829313,-21.401662049861493,26.08695652173913,9.092993449269906,-12.444412180005672,4.2590674071281365,0.34745028651331966,62.31884057971014,5.548479541474283,4.514529469689489,5.807337649597799,-5.6058127225483645,10.0,1,1,0,0,descriptive only
all_drops,0,recent,trailing_close_10,2026Q1,339,279,47,38.05309734513274,-0.610790373166534,-4.63488460083239,-12.634517304706241,-25.793735099025085,22.418879056047196,12.348882893196526,-8.571732522503842,-4.032276628462994,-0.9871115904172765,38.05309734513274,-3.112490855673772,-4.44064088359702,-2.556818181818188,-7.599516410692708,19.0,0,1,0,5,descriptive only
all_drops,0,recent,trailing_close_10,2026Q2,289,245,58,44.29065743944637,1.7970940163560531,-3.104140069305117,-11.113422625868896,-15.42590431738623,16.608996539792386,13.979465901476697,-7.888269966845454,-3.700566052114096,-0.13176271543651324,39.44636678200692,-1.7477692888078795,-3.434612737987022,-3.239145416953837,-7.56685664182376,19.0,0,1,2,5,descriptive only
all_drops,0,recent,trailing_close_10,2026Q3,69,69,15,50.72463768115942,3.2991540548917095,2.170050761421316,-15.329704044286105,-21.401662049861493,24.637681159420293,16.120905929675637,-9.899708169150571,-1.660798342252201,1.2592012191756183,49.275362318840585,2.792680383093832,-1.1800455982499845,5.327653614985106,-6.38618773566183,30.0,1,1,0,0,descriptive only
all_drops,10,older,hold_20,2024Q3,26,26,11,73.07692307692307,3.90993001149887,3.0043751868347846,-6.422381304276365,-25.38608855286458,7.6923076923076925,8.412542520315723,-8.31144679814687,0.07459022178344377,1.555888667109159,50.0,1.1575606601616717,-0.7719668724536777,-1.2596178571808836,-2.572570577323263,20.0,0,0,0,0,small (<30 trades)
all_drops,10,older,hold_20,2024Q4,222,203,46,53.6036036036036,1.7723066626603676,0.9165406692713374,-10.097431617755408,-29.197515280525376,10.36036036036036,8.987071582728479,-6.5631984391658955,-0.7674785308274479,0.2793337325401187,46.3963963963964,-0.8466130387607074,-0.8766671130654047,-0.4349158053807922,-5.346743725961172,20.0,1,1,0,2,descriptive only
all_drops,10,older,hold_20,2025Q1,275,240,50,31.636363636363633,-4.501254877864815,-4.160861739755751,-16.669736552391925,-39.12915463672615,27.636363636363637,6.409414264679831,-9.550341129999836,-0.2665871490129206,-0.29927598916288006,49.09090909090909,-2.893163698376924,0.18252710233736535,-4.160861739755751,-9.466518917207534,20.0,0,1,0,4,descriptive only
all_drops,10,older,hold_20,2025Q2,408,363,47,83.82352941176471,8.827197385164789,7.99107072917149,-1.8704905639637803,-35.29880932609583,3.1862745098039214,11.585477628586547,-5.465709330747952,-1.0910106450618078,-0.47742780570867965,44.85294117647059,4.222136207905924,-0.3890654018589679,3.7793522300298754,-5.372873067621692,20.0,1,1,5,5,descriptive only
all_drops,10,older,hold_20,2025Q3,194,185,48,60.30927835051546,3.1640526673579386,1.863556883860984,-9.016565639648093,-24.99296292089983,8.24742268041237,9.628704051528,-6.658859176121246,0.060248410980545675,1.425744792069215,51.03092783505154,0.40310506742667895,-1.4909864540595175,1.8196136789815576,-4.399405151015207,20.0,1,1,3,3,descriptive only
all_drops,10,older,hold_20,2025Q4,198,190,33,54.04040404040404,2.0119716951911193,0.814158966918932,-10.253364415262448,-27.553796568395093,11.11111111111111,9.777260957134956,-7.118643151270317,0.18068178485087794,1.0190839728814154,51.010101010101,0.7830898634788808,-0.09312906607816807,1.6504009087613847,-5.8310698137022,20.0,1,1,1,1,descriptive only
all_drops,10,older,hold_30,2024Q3,26,26,11,65.38461538461539,6.389182874753304,4.483525432285429,-15.53476316531449,-36.787416958973395,15.384615384615385,16.377448060828193,-12.477540254499267,1.8220426972950787,3.3259217276949338,53.84615384615385,1.2548468964588055,-0.2405084731389895,0.6362312590100894,-4.390785713684875,30.0,0,0,0,0,small (<30 trades)
all_drops,10,older,hold_30,2024Q4,222,203,46,52.25225225225225,1.9828367008355798,0.46660955547744853,-12.085813885004885,-37.06135914633661,14.864864864864865,10.76569379956809,-7.628591822305656,-1.625219300566061,0.1755360719673494,42.792792792792795,0.34598200261344303,-1.961010755001369,-0.929147938214625,-6.920607284259633,30.0,1,1,1,2,descriptive only
all_drops,10,older,hold_30,2025Q1,275,240,50,23.636363636363637,-7.672725650529726,-7.204511480916576,-24.150428431753586,-44.78783456899183,40.36363636363636,8.790113348836947,-12.768366293190839,-1.0685444581857713,-0.9861144209009174,48.0,-5.601453761936984,0.02005553553397177,-4.211203990355939,-16.33858267716536,30.0,0,1,0,4,descriptive only
all_drops,10,older,hold_30,2025Q2,408,363,47,87.00980392156863,14.17474409502043,12.32839291703498,-1.0513796883106883,-32.44036729497706,1.9607843137254901,17.079117318824224,-5.279076554986112,-1.2304335865061966,0.23081942884635895,47.30392156862745,5.967479628470178,-2.128193313864056,5.659017349935569,-5.503039309694296,30.0,1,1,5,5,descriptive only
all_drops,10,older,hold_30,2025Q3,194,185,48,57.73195876288659,5.327588125645404,1.264522812678781,-9.64956565884281,-22.55249491500613,9.793814432989691,14.061039864768915,-6.601028883889147,-1.83602622393515,2.161845885532552,42.2680412371134,0.7449798922558148,-1.9583338746130885,1.716483740366237,-4.873421122749034,30.0,1,1,3,3,descriptive only
all_drops,10,older,hold_30,2025Q4,198,190,33,56.56565656565656,1.7684418261313783,1.4139542317242348,-13.752848583842933,-41.36738261738261,16.161616161616163,10.597181452667952,-9.729451640986019,0.8390395197343914,0.7472082658040703,52.52525252525253,1.1742945568088308,-0.19138235810253756,2.140327663767494,-6.941327540658704,30.0,1,1,1,1,descriptive only
all_drops,10,older,recovery_30,2024Q3,26,26,11,73.07692307692307,3.3208214243918777,6.221321381404521,-9.185845484092686,-21.297526884852267,11.538461538461538,8.215373813452162,-9.96439220305747,3.869547965811926,1.7838731125339888,69.23076923076923,2.7979335460140753,2.6899900722877845,2.413708657356617,-2.4422961161580603,26.0,0,0,0,0,small (<30 trades)
all_drops,10,older,recovery_30,2024Q4,222,203,46,62.16216216216216,1.6132374960788494,3.6343705825972905,-10.399116363428421,-37.06135914633661,12.162162162162163,7.469262925177665,-8.007375708869207,1.8847616078711549,-0.01787756676779984,57.65765765765766,2.4207136528174553,0.5780422041001265,2.9237864278249925,-5.7411421876268465,30.0,1,1,2,2,descriptive only
all_drops,10,older,recovery_30,2025Q1,275,240,50,40.36363636363636,-5.243711522157357,-3.4328509290742715,-23.974245969346452,-44.78783456899183,34.54545454545455,7.751431693573917,-14.039204796219378,1.5830657851794827,-0.055105434503681335,57.45454545454546,-2.546140952446457,2.012087290784886,-1.570600197055827,-11.031224322103528,30.0,0,1,0,4,descriptive only
all_drops,10,older,recovery_30,2025Q2,408,363,47,88.48039215686273,9.112261168180277,9.113367162487553,-0.5019917547440275,-32.44036729497706,1.715686274509804,11.017512184773842,-5.52168812948519,1.4033696487383178,-0.4078323466277095,54.90196078431373,6.3737630412470825,2.3902007068898445,6.046816581718284,-5.413684526446854,22.0,1,1,5,5,descriptive only
all_drops,10,older,recovery_30,2025Q3,194,185,48,62.371134020618555,3.154236258920115,3.458214026133888,-9.552307643834409,-22.55249491500613,9.793814432989691,9.249953364563785,-6.949623601119393,-0.02436939728029941,0.7431263478717394,50.0,1.6227385238731324,-0.7379394079266717,4.113388268343254,-4.537995431491954,30.0,1,1,3,3,descriptive only
all_drops,10,older,recovery_30,2025Q4,198,190,33,68.18181818181817,1.826699811671471,4.3037985302248005,-11.117436152964572,-41.36738261738261,12.121212121212121,7.358132336913688,-10.026369885276138,2.8134877617053355,0.6282076444138497,64.14141414141415,3.52691612185283,2.5704668450652335,4.288606728897271,-5.653005919393461,29.5,1,1,1,1,descriptive only
all_drops,10,older,recovery_stop_10,2024Q3,26,26,11,73.07692307692307,3.175286322066572,6.221321381404521,-9.17331220256835,-33.154667587966536,11.538461538461538,8.215373813452162,-10.50495115455146,3.869547965811926,1.7529411082473199,69.23076923076923,2.7979335460140753,2.6899900722877845,2.413708657356617,-2.4422961161580603,18.0,0,0,0,0,small (<30 trades)
all_drops,10,older,recovery_stop_10,2024Q4,222,203,46,59.909909909909906,0.94984855666979,3.1428274390915,-11.483603482288288,-19.71758740919942,20.72072072072072,7.356495994277861,-8.62413019840744,1.553202096233014,-0.33750416273449624,55.4054054054054,1.3198737059750498,-0.16520941697806002,1.534176768733586,-5.7411421876268465,19.0,1,1,2,2,descriptive only
all_drops,10,older,recovery_stop_10,2025Q1,275,240,50,35.63636363636364,-4.780217270050134,-8.68003527441128,-16.334239932938292,-27.017166782721336,42.54545454545455,7.257503945733049,-11.445170259579806,-0.7383003264296306,-0.19179615213679913,48.36363636363637,-3.5192020033196685,0.9448379748517868,-5.491702867268488,-10.559868387229443,18.0,0,1,0,4,descriptive only
all_drops,10,older,recovery_stop_10,2025Q2,408,363,47,85.5392156862745,8.235126384208202,9.021916326884261,-4.8629038943147345,-27.93571766951609,6.372549019607843,11.050802540915777,-8.420313932587453,1.3183402129720365,-0.40910554476803157,53.92156862745098,6.141194412536222,1.988571190090993,5.998697889403504,-5.413684526446854,19.0,1,1,5,5,descriptive only
all_drops,10,older,recovery_stop_10,2025Q3,194,185,48,61.855670103092784,2.8404238106191064,3.458214026133888,-11.192259656453007,-24.19109486182046,13.917525773195877,9.322240357126827,-7.670630048582601,-0.02436939728029941,0.75895720798006,50.0,1.6227385238731324,-0.7379394079266717,4.113388268343254,-4.537995431491954,23.5,1,1,3,3,descriptive only
all_drops,10,older,recovery_stop_10,2025Q4,198,190,33,66.16161616161617,1.8491599699908217,4.1700759766862046,-11.324906129393534,-15.165526582085443,20.707070707070706,7.425682932663791,-9.054190897324983,2.685620627059282,0.9089180223884535,62.62626262626263,3.526073926073936,2.531661706097643,3.7214840310168973,-5.653005919393461,15.0,1,1,1,1,descriptive only
all_drops,10,older,trailing_close_10,2024Q3,26,26,11,65.38461538461539,4.065962234178518,2.605821101685346,-9.188579642263644,-33.154667587966536,11.538461538461538,11.530688307850529,-10.034075904979723,1.0979435421136774,1.5107037699371435,53.84615384615385,0.6362312590100894,-0.6710687196058274,0.6362312590100894,-4.001990595158383,30.0,0,0,0,0,small (<30 trades)
all_drops,10,older,trailing_close_10,2024Q4,222,203,46,47.74774774774775,0.4648917292151612,-0.9792515431718884,-11.410499179465626,-19.71758740919942,18.01801801801802,9.51487199319633,-7.804917822353838,-3.0983455416921712,-0.859886515915287,40.090090090090094,-2.920108813653072,-3.53831592818295,-2.5534084090746756,-6.1239807402608815,30.0,0,1,1,2,descriptive only
all_drops,10,older,trailing_close_10,2025Q1,275,240,50,21.818181818181817,-5.915266729589415,-8.299697932399342,-14.478505658814456,-27.017166782721336,35.27272727272727,7.108135985302084,-9.549704696535882,-1.3984681028157748,-0.34202711906568406,42.54545454545455,-7.687302105163895,-0.8275345907239555,-8.344700486154299,-9.620991253644318,20.0,0,1,0,4,descriptive only
all_drops,10,older,trailing_close_10,2025Q2,408,363,47,80.88235294117648,11.236897677276643,9.98674242009674,-5.776747074722885,-27.93571766951609,6.127450980392156,15.605577668542256,-7.245979208847118,-2.2871887780782183,-0.6759698061217552,43.872549019607845,5.821836326042984,-0.9351461481097885,4.713450926065277,-5.445825059105019,30.0,1,1,5,5,descriptive only
all_drops,10,older,trailing_close_10,2025Q3,194,185,48,57.21649484536082,4.136903420115106,1.1847895065384084,-10.522721724698469,-18.285191091273845,11.855670103092782,12.323741178632684,-6.811759124408404,-1.83602622393515,1.4770008938142585,41.75257731958763,0.7441350806044245,-2.1622967367913803,1.5610549459636358,-4.725826193519067,30.0,1,1,3,3,descriptive only
all_drops,10,older,trailing_close_10,2025Q4,198,190,33,51.010101010101,1.0138827083526274,0.27883132332663374,-10.807314947825892,-17.842510260570023,15.656565656565657,9.411265969118256,-7.729784398217771,-1.1706992178352083,0.23302468425472694,48.484848484848484,-0.9130097701001316,-1.4964610372233622,0.34129615867480867,-5.8310698137022,29.0,1,1,1,1,descriptive only
all_drops,10,recent,hold_20,2026Q1,339,279,47,46.312684365781706,1.4201137852272159,-0.8110150868712029,-13.406674684382772,-39.49338226035043,19.469026548672566,13.062576892177477,-8.623109883955154,-0.1210686557564511,1.0352471498410891,49.557522123893804,-1.9954230905991022,-1.3331405119117345,-0.03181781749200807,-8.029197080291961,20.0,0,1,1,5,descriptive only
all_drops,10,recent,hold_20,2026Q2,289,245,58,52.595155709342556,1.198349746174194,0.4358698626214741,-12.841769410126783,-35.0953928613993,16.955017301038062,10.340357448068758,-8.944607704102987,-1.1542802370175576,-0.8657639597576796,45.32871972318339,-0.23420039449960628,-2.778527077322785,0.8600249308214014,-7.974693681428702,20.0,1,1,4,5,descriptive only
all_drops,10,recent,hold_20,2026Q3,69,69,15,62.31884057971014,3.2074551322963063,3.807986479923242,-16.376017483048535,-29.44991497975098,17.391304347826086,11.813013591142736,-11.024814626565096,1.6506746778782277,0.9153417876680862,53.62318840579711,3.807986479923242,1.39081544691797,4.581181233466514,-6.38618773566183,20.0,1,1,0,0,descriptive only
all_drops,10,recent,hold_30,2026Q1,339,279,47,45.42772861356932,2.500185279434192,-1.4642000007069056,-15.332058378256853,-36.25048732747046,23.303834808259587,17.234425584506624,-9.765074217761237,-0.542492287414531,2.104664854479675,48.67256637168141,0.4927675198050818,-1.256516530835727,0.14524590557405404,-9.995285242810004,30.0,0,1,1,5,descriptive only
all_drops,10,recent,hold_30,2026Q2,289,245,58,53.979238754325266,2.92829724844118,1.8954882326975397,-14.131149373411938,-41.590910241301756,18.33910034602076,13.807471100087014,-9.832237494842653,-0.6288088393065383,0.49943113925915844,47.40484429065744,1.9509145796356848,-1.9284813870801776,2.641992284277417,-9.150468587296078,30.0,1,1,4,5,descriptive only
all_drops,10,recent,hold_30,2026Q3,69,69,15,62.31884057971014,7.411737211878078,5.117208752617541,-11.09695506037649,-20.155512545343978,13.043478260869565,17.048397487191753,-8.525816320371463,2.3358137170536697,4.423843446561838,53.62318840579711,6.060510978798034,2.629015901324056,7.786541903274946,-7.2993610721521,30.0,1,1,0,0,descriptive only
all_drops,10,recent,recovery_30,2026Q1,339,279,47,55.75221238938053,-0.04506853792557501,2.880986072954217,-14.93466019138913,-36.25048732747046,20.943952802359885,8.147054799007146,-10.367143942460803,2.7354865764170455,0.4748246078807488,59.29203539823009,2.653634844915792,1.5104434458092064,4.110715733143899,-7.785651878458411,30.0,1,1,2,5,descriptive only
all_drops,10,recent,recovery_30,2026Q2,289,245,58,64.3598615916955,2.1950079272420457,5.598032867345526,-12.13696236722651,-41.590910241301756,14.186851211072666,8.769215901973185,-9.676862784408362,4.183063854755065,0.2444270172986766,60.553633217993074,4.087496919475209,2.696712809861998,4.743112228393986,-7.744749672407892,23.0,1,1,5,5,descriptive only
all_drops,10,recent,recovery_30,2026Q3,69,69,15,72.46376811594203,5.799236624309142,5.920438257394789,-9.1974071047706,-20.155512545343978,10.144927536231885,11.456821532616082,-9.0891447133407,5.846628755621563,4.011855257325996,69.56521739130434,5.920438257394789,4.505509430789002,7.089250830141536,-5.6058127225483645,17.0,1,1,0,0,descriptive only
all_drops,10,recent,recovery_stop_10,2026Q1,339,279,47,49.26253687315634,-1.2544772659035572,-1.2633620554727276,-13.322213510066144,-25.941999364561497,31.563421828908556,8.221885510981034,-10.455364380669408,0.8881925360298633,-0.7825140338245892,51.62241887905604,-1.3945415063789324,-1.256516530835727,1.313415826051223,-7.785651878458411,12.0,0,1,2,5,descriptive only
all_drops,10,recent,recovery_stop_10,2026Q2,289,245,58,57.43944636678201,1.1244264489856504,4.22330117596903,-11.857136096995042,-15.594883529539294,23.52941176470588,8.85622757217921,-9.310362058738987,2.5687743853623823,-0.35267631600206567,54.67128027681662,0.9630774472972725,-0.3380323869959567,3.422628370939873,-7.744749672407892,12.0,1,1,5,5,descriptive only
all_drops,10,recent,recovery_stop_10,2026Q3,69,69,15,63.76811594202898,1.0872088181451467,5.595934377570644,-16.273770943021454,-21.558701686125502,26.08695652173913,8.875025430390258,-12.619348419406249,4.250557781939057,0.34675608014665743,62.31884057971014,5.337593468464363,4.505509430789002,5.595934377570644,-5.6058127225483645,10.0,1,1,0,0,descriptive only
all_drops,10,recent,trailing_close_10,2026Q1,339,279,47,37.46312684365782,-0.8093702125807762,-4.825424291939607,-12.809073713687837,-25.941999364561497,24.188790560471976,12.317289788844754,-8.672982571925314,-4.024220131702828,-0.9851393394873714,38.05309734513274,-3.306072292525558,-4.431768474239172,-2.7515098537825633,-7.599516410692708,19.0,0,1,0,5,descriptive only
all_drops,10,recent,trailing_close_10,2026Q2,289,245,58,43.944636678200695,1.593703219120587,-3.2977381910447634,-11.291018185057967,-15.594883529539294,17.301038062283737,13.860667475536685,-8.02299098189697,-3.6931723137482497,-0.13149945326781,39.44636678200692,-1.9440774420769857,-3.4277503748741722,-3.4324737977391218,-7.56685664182376,19.0,0,1,2,5,descriptive only
all_drops,10,recent,trailing_close_10,2026Q3,69,69,15,50.72463768115942,3.0927621386981294,1.9659147958640544,-15.498875464777019,-21.558701686125502,24.637681159420293,15.888896127618358,-10.07972873224916,-1.6574800638461062,1.2566853326238179,49.275362318840585,2.5873004023084345,-1.1776878647869466,5.117208752617541,-6.38618773566183,30.0,1,1,0,0,descriptive only
all_drops,25,older,hold_20,2024Q3,26,26,11,69.23076923076923,3.598666338814214,2.695824116502099,-6.70269439151539,-25.609595585424728,7.6923076923076925,8.539727217332052,-7.518720637850923,0.07436678571360877,1.5512279804860376,50.0,0.8545417490006479,-0.7696544347118306,-1.555396075727078,-2.572570577323263,20.0,0,0,0,0,small (<30 trades)
all_drops,25,older,hold_20,2024Q4,222,203,46,52.702702702702695,1.4674462711087362,0.6142437369197284,-10.366736039530528,-29.409605130134008,10.81081081081081,8.812902921490155,-6.717491139316272,-0.7651795379767679,0.2784969843728801,46.3963963963964,-1.143628419112347,-0.874041044264237,-0.7331644306483143,-5.346743725961172,20.0,1,1,0,2,descriptive only
all_drops,25,older,hold_20,2025Q1,275,240,50,30.545454545454547,-4.787322726627699,-4.447949241003357,-16.91935354129387,-39.311494119440596,29.818181818181817,6.313267773954353,-9.669257815888916,-0.26578858341784706,-0.2983795036823999,49.09090909090909,-3.1840486071309293,0.18198033980722506,-4.447949241003357,-9.466518917207534,20.0,0,1,0,4,descriptive only
all_drops,25,older,hold_20,2025Q2,408,363,47,82.59803921568627,8.501203968151273,7.667581941443613,-2.164438904631739,-35.492622662646056,3.1862745098039214,11.420367175700036,-5.354542524016804,-1.087742507163136,-0.4759976639288654,44.85294117647059,3.9099373171211704,-0.3878999509161707,3.4684797049461036,-5.372873067621692,20.0,1,1,5,5,descriptive only
all_drops,25,older,hold_20,2025Q3,194,185,48,59.79381443298969,2.8550232808621416,1.5584231509744084,-9.289107810827813,-25.217647566879776,8.24742268041237,9.381265228409923,-6.850669871901225,0.06006793600885629,1.4214739532741023,51.03092783505154,0.10234613872014131,-1.486520182938353,1.5146115785899417,-4.399405151015207,20.0,1,1,3,3,descriptive only
all_drops,25,older,hold_20,2025Q4,198,190,33,52.02020202020202,1.7063933836271135,0.5121687204123204,-10.522201738125666,-27.77081020077542,11.616161616161616,9.820577092808577,-7.091090006327524,0.1801405499955333,1.0160312923518624,51.010101010101,0.4811926849133563,-0.09285009663668742,1.3459056876287567,-5.8310698137022,20.0,1,1,1,1,descriptive only
all_drops,25,older,hold_30,2024Q3,26,26,11,65.38461538461539,6.070492564868092,4.170543546362737,-15.787779983133866,-36.97677115019512,15.384615384615385,16.028837760570337,-12.739715027013935,1.8165847424904902,3.3159588818734584,53.84615384615385,0.9515365629937822,-0.23978802658826126,0.33477399748218506,-4.390785713684875,30.0,0,0,0,0,small (<30 trades)
all_drops,25,older,hold_30,2024Q4,222,203,46,50.9009009009009,1.6773456635613913,0.1656603981740723,-12.349162079428737,-37.24989273984133,14.864864864864865,10.71665292386519,-7.693679294368237,-1.620350933044712,0.17501025116808594,42.792792792792795,0.04539418685970409,-1.955136519404141,-1.2259160841015193,-6.920607284259633,30.0,1,1,1,2,descriptive only
all_drops,25,older,hold_30,2025Q1,275,240,50,22.90909090909091,-7.949293313502835,-7.48248168609158,-24.37763690177447,-44.95322339551714,42.54545454545455,8.738040490123776,-12.908265151373007,-1.0653436180692921,-0.9831605011330693,48.0,-5.884225949300603,0.019995458892136053,-4.498140690676133,-16.33858267716536,30.0,0,1,0,4,descriptive only
all_drops,25,older,hold_30,2025Q2,408,363,47,86.76470588235294,13.832732025809014,11.99191161902765,-1.347781687252336,-32.64274313527128,1.9607843137254901,16.776377565473183,-5.464499845322779,-1.2267478052041754,0.23012800596558083,47.30392156862745,5.650052536654765,-2.1218182805348933,5.3425142612610665,-5.503039309694296,30.0,1,1,5,5,descriptive only
all_drops,25,older,hold_30,2025Q3,194,185,48,55.154639175257735,5.01207783792433,0.9611834948691667,-9.920211669465372,-22.784490017594983,9.793814432989691,14.367414001926972,-6.493910317803059,-1.8305263812777417,2.155370045446485,42.2680412371134,0.4431968726509139,-1.952467657649154,1.411790567172,-4.873421122749034,30.0,1,1,3,3,descriptive only
all_drops,25,older,hold_30,2025Q4,198,190,33,55.05050505050505,1.4635930117525169,1.1101672899743287,-14.011203152125404,-41.54301745635909,16.161616161616163,10.551464940477254,-9.6664973279216,0.8365261649240174,0.7449699928204516,52.52525252525253,0.8712255190224782,-0.19080906952787524,1.834364860074722,-6.941327540658704,30.0,1,1,1,1,descriptive only
all_drops,25,older,recovery_30,2024Q3,26,26,11,73.07692307692307,3.0113224348555248,5.903133903009195,-9.457880575091636,-21.533281262017912,11.538461538461538,7.89121312264628,-10.23409514629081,3.857956679865165,1.77852949526324,69.23076923076923,2.4900008745515567,2.681932168781409,2.1069269370107557,-2.4422961161580603,26.0,0,0,0,0,small (<30 trades)
all_drops,25,older,recovery_30,2024Q4,222,203,46,61.261261261261254,1.3088535984772718,3.3239323520996678,-10.667517084258673,-37.24989273984133,12.162162162162163,7.255068116189467,-8.094462383021083,1.879115777678242,-0.017824014262376894,57.65765765765766,2.113910948908093,0.5763106704594706,2.6154767622656783,-5.7411421876268465,30.0,1,1,2,2,descriptive only
all_drops,25,older,recovery_30,2025Q1,275,240,50,40.0,-5.527555331486415,-3.72211919705574,-24.201982196438344,-44.95322339551714,36.36363636363637,7.498158274589486,-14.211364402203683,1.5783236891128372,-0.0549403653911691,57.45454545454546,-2.8380653727696714,2.006060054698583,-1.8654468635815658,-11.031224322103528,30.0,0,1,0,4,descriptive only
all_drops,25,older,recovery_30,2025Q2,408,363,47,88.23529411764706,8.785413838551857,8.786516519837463,-0.8000394530515805,-32.64274313527128,1.715686274509804,10.715343161469807,-5.689056083332775,1.3991658350031573,-0.40661067903504405,54.90196078431373,6.055118921692371,2.3830408266897862,5.729151834931434,-5.413684526446854,22.0,1,1,5,5,descriptive only
all_drops,25,older,recovery_30,2025Q3,194,185,48,60.30927835051546,2.8452362776153595,3.1483034751056516,-9.823244992223696,-22.784490017594983,9.793814432989691,9.232821975312289,-6.860575756547503,-0.024296398404277664,0.7409003023313238,50.0,1.3183261658077094,-0.7357288999386091,3.801515133557576,-4.537995431491954,30.0,1,1,3,3,descriptive only
all_drops,25,older,recovery_30,2025Q4,198,190,33,66.16161616161617,1.5216764846686435,3.991355018792486,-11.383685136652606,-41.54301745635909,12.121212121212121,7.255246769547041,-9.688737057407032,2.8050599191144943,0.6263258394834912,64.14141414141415,3.2167997727201136,2.56276697508534,3.9762087247218303,-5.653005919393461,29.5,1,1,1,1,descriptive only
all_drops,25,older,recovery_stop_10,2024Q3,26,26,11,73.07692307692307,2.866223284998374,5.903133903009195,-9.445384837190302,-33.35490373157758,11.538461538461538,7.89121312264628,-10.773034845760225,3.857956679865165,1.747690148235184,69.23076923076923,2.4900008745515567,2.681932168781409,2.1069269370107557,-2.4422961161580603,18.0,0,0,0,0,small (<30 trades)
all_drops,25,older,recovery_stop_10,2024Q4,222,203,46,59.009009009009006,0.6474518500679173,2.833861633068757,-11.74875560653535,-19.958074517527102,21.17117117117117,7.145034371137562,-8.706210900043331,1.5485494572711367,-0.33649316421657627,55.4054054054054,1.0163685837776186,-0.16471452982063672,1.230029698664803,-5.7411421876268465,19.0,1,1,2,2,descriptive only
all_drops,25,older,recovery_stop_10,2025Q1,275,240,50,35.27272727272727,-5.06544948300109,-8.953585527084684,-16.58486190673372,-27.23578789725416,45.45454545454545,7.009947410480072,-11.64586239686442,-0.7360887373050513,-0.19122162403622056,48.36363636363637,-3.808211605430545,0.9420076992649404,-5.7748038149974645,-10.559868387229443,18.0,0,1,0,4,descriptive only
all_drops,25,older,recovery_stop_10,2025Q2,408,363,47,85.29411764705883,7.910906524295797,8.69533962651241,-5.1478884183071205,-28.151587251808053,6.372549019607843,10.749676947567405,-8.553961930679536,1.314391106120627,-0.4078800632922346,53.92156862745098,5.823246955615358,1.9826143968186605,5.681177282843608,-5.413684526446854,19.0,1,1,5,5,descriptive only
all_drops,25,older,recovery_stop_10,2025Q3,194,185,48,59.79381443298969,2.532363858964852,3.1483034751056516,-11.45828450527254,-24.418181514971916,15.979381443298967,9.310051139977793,-7.547273635874899,-0.024296398404277664,0.7566837408731151,50.0,1.3183261658077094,-0.7357288999386091,3.801515133557576,-4.537995431491954,23.5,1,1,3,3,descriptive only
all_drops,25,older,recovery_stop_10,2025Q4,198,190,33,64.14141414141415,1.5440693632644213,3.858033033064212,-11.590533633817465,-15.41964945333949,21.71717171717172,7.331604638303195,-8.80828246673451,2.6775758122882354,0.9061953455298837,62.62626262626263,3.2159600997506255,2.524078077463243,3.4107848509460026,-5.653005919393461,15.0,1,1,1,1,descriptive only
all_drops,25,older,trailing_close_10,2024Q3,26,26,11,65.38461538461539,3.754231164752443,2.2984639057811562,-9.46060654305293,-33.35490373157758,11.538461538461538,11.19659654534133,-10.30357010969323,1.0946546366233045,1.5061784353159184,53.84615384615385,0.33477399748218506,-0.6690585237153934,0.33477399748218506,-4.001990595158383,30.0,0,0,0,0,small (<30 trades)
all_drops,25,older,trailing_close_10,2024Q4,222,203,46,46.846846846846844,0.16394771768478206,-1.2758696029977812,-11.675870288691165,-19.958074517527102,19.81981981981982,9.367825147114873,-7.947944254016314,-3.0890644035714345,-0.8573107136314688,40.090090090090094,-3.210913007931188,-3.527716852514234,-2.845311059628247,-6.1239807402608815,30.0,0,1,0,2,descriptive only
all_drops,25,older,trailing_close_10,2025Q1,275,240,50,21.454545454545453,-6.197098885746802,-8.574387490988155,-14.734686511011837,-27.23578789725416,40.0,6.905993044877084,-9.776184181611658,-1.3942789717311328,-0.34100257196776695,42.54545454545455,-7.963826104159907,-0.8250556990919917,-8.619255238953539,-9.620991253644318,20.0,0,1,0,4,descriptive only
all_drops,25,older,trailing_close_10,2025Q2,408,363,47,80.3921568627451,10.903685968778289,9.6572755694453,-6.058994168475811,-28.151587251808053,6.127450980392156,15.353310932856601,-7.339776383942803,-2.2803374715754767,-0.6739449289569458,43.872549019607845,5.504845510810652,-0.9323449045277266,4.39978029505701,-5.445825059105019,30.0,1,1,5,5,descriptive only
all_drops,25,older,trailing_close_10,2025Q3,194,185,48,54.63917525773196,3.8249598453579594,0.8816890309809366,-10.790752183911701,-18.529968963136913,13.917525773195877,12.559730481795807,-6.696468421260358,-1.8305263812777417,1.47257651663764,41.75257731958763,0.44235459164482793,-2.1558195461739538,1.256827361932844,-4.725826193519067,30.0,1,1,3,3,descriptive only
all_drops,25,older,trailing_close_10,2025Q4,198,190,33,49.494949494949495,0.7112941865389859,-0.021555341612616852,-11.074492903993061,-18.08861418915525,17.17171717171717,9.364961872591735,-7.76930014579271,-1.1671923716838284,0.23232665550002243,48.484848484848484,-1.209826258099056,-1.491978366910507,0.040722379433189015,-5.8310698137022,29.0,0,1,1,1,descriptive only
all_drops,25,recent,hold_20,2026Q1,339,279,47,45.42772861356932,1.116308392447223,-1.1081371013938468,-13.66606622150278,-39.67463069403993,19.76401179941003,12.972980009154869,-8.753569602001305,-0.12070599287686834,1.032146052285157,49.557522123893804,-2.2889971941073117,-1.3291470705544484,-0.331273928513276,-8.029197080291961,20.0,0,1,1,5,descriptive only
all_drops,25,recent,hold_20,2026Q2,289,245,58,50.51903114186851,0.8952086507261044,0.1350127865050954,-13.102853129027336,-35.28981553486159,17.99307958477509,10.42656202577339,-8.836103186734759,-1.1508225741565958,-0.863170551507261,45.32871972318339,-0.5330502656340829,-2.7702039599590607,0.5578972921678194,-7.974693681428702,20.0,1,1,4,5,descriptive only
all_drops,25,recent,hold_20,2026Q3,69,69,15,62.31884057971014,2.8982957330997157,3.4970281805368097,-16.626514311598644,-29.66124876247209,17.391304347826086,11.478076119233497,-11.291341059352305,1.6457300584122425,0.9125998683292883,53.62318840579711,3.4970281805368097,1.3866492394728702,4.267906818202971,-6.38618773566183,20.0,1,1,0,0,descriptive only
all_drops,25,recent,hold_30,2026Q1,339,279,47,44.24778761061947,2.19314451713743,-1.7593653905335294,-15.585682401147807,-36.441449899037124,25.368731563421832,17.337827162510898,-9.826444883952627,-0.5408672440547218,2.0983603009850937,48.67256637168141,0.19174000594767704,-1.2527526177031447,-0.15474060234704767,-9.995285242810004,30.0,0,1,1,5,descriptive only
all_drops,25,recent,hold_30,2026Q2,289,245,58,53.979238754325266,2.619974070654593,1.5902588490015468,-14.388370736300768,-41.76587550010279,19.377162629757784,13.466559202353606,-10.10233630938335,-0.6269252334883402,0.4979350861808682,47.40484429065744,1.6455191655294106,-1.9227045936670795,2.3345267370814993,-9.150468587296078,30.0,1,1,4,5,descriptive only
all_drops,25,recent,hold_30,2026Q3,69,69,15,62.31884057971014,7.089983825937888,4.802328659299415,-11.363265395468567,-20.394687842700154,13.043478260869565,16.697777348388033,-8.799828538114282,2.3288167538548787,4.41059176062185,53.62318840579711,5.74280521025004,2.6211406468136964,7.463665784552886,-7.2993610721521,30.0,1,1,0,0,descriptive only
all_drops,25,recent,recovery_30,2026Q1,339,279,47,54.86725663716814,-0.34448495622539405,2.572804616466473,-15.189474626198836,-36.441449899037124,23.008849557522122,7.951961166754428,-10.43036063514204,2.7272923874856803,0.4734022640170402,59.29203539823009,2.3461344222639626,1.505918890992597,3.798850603975379,-7.785651878458411,30.0,1,1,2,5,descriptive only
all_drops,25,recent,recovery_30,2026Q2,289,245,58,64.3598615916955,1.8888813280426202,5.281712458555621,-12.400157345644654,-41.76587550010279,14.878892733564014,8.443396169316918,-9.947427026103199,4.170533427505596,0.24369483269322895,60.553633217993074,3.775701342593152,2.688634768299667,4.429352746532889,-7.744749672407892,23.0,1,1,5,5,descriptive only
all_drops,25,recent,recovery_30,2026Q3,69,69,15,72.46376811594203,5.482313506804678,5.603152078675233,-9.469407562770437,-20.394687842700154,10.144927536231885,11.1229510390823,-9.361469472873276,5.829115096059899,3.999837687864289,69.56521739130434,5.603152078675233,4.492013113232197,6.768463456742779,-5.6058127225483645,17.0,1,1,0,0,descriptive only
all_drops,25,recent,recovery_stop_10,2026Q1,339,279,47,48.67256637168141,-1.550270883163999,-1.5591290582197104,-13.581858051834628,-26.16384115838155,33.03834808259587,7.995408497135313,-10.602208226551275,0.8855319426603447,-0.7801700019109085,51.62241887905604,-1.6899155592156712,-1.2527526177031447,1.0099300485248985,-7.785651878458411,12.0,0,1,2,5,descriptive only
all_drops,25,recent,recovery_stop_10,2026Q2,289,245,58,57.43944636678201,0.8215067918252912,3.911098795505863,-12.12116929898407,-15.847720255952858,26.297577854671278,8.530147194827753,-9.582024158568275,2.561079585169612,-0.35161986908331994,54.67128027681662,0.6606411133654455,-0.33701980617473204,3.112824417247717,-7.744749672407892,12.0,1,1,5,5,descriptive only
all_drops,25,recent,recovery_stop_10,2026Q3,69,69,15,63.76811594202898,0.7844006469271091,5.2796202548367255,-16.524574052535893,-21.79367371046067,26.08695652173913,8.548888743787273,-12.881098403546778,4.237825175671106,0.3457173673785914,62.31884057971014,5.022053209596633,4.492013113232197,5.2796202548367255,-5.6058127225483645,10.0,1,1,0,0,descriptive only
all_drops,25,recent,trailing_close_10,2026Q1,339,279,47,36.283185840707965,-1.1064971543477384,-5.110521086613762,-13.070255373011937,-26.16384115838155,25.663716814159294,12.375952702092555,-8.78400332259846,-4.012165523084121,-0.9821883405897596,38.05309734513274,-3.5957203277152905,-4.418493048766109,-3.0428190886420348,-7.599516410692708,19.0,0,1,0,5,descriptive only
all_drops,25,recent,trailing_close_10,2026Q2,289,245,58,43.944636678200695,1.2893778367233648,-3.587411191153944,-11.556747201300967,-15.847720255952858,19.031141868512112,13.519596227304303,-8.298509420090085,-3.6821093635748925,-0.13110554478595826,39.44636678200692,-2.2378053522053323,-3.417482499892324,-3.7217431954228775,-7.56685664182376,19.0,0,1,2,5,descriptive only
all_drops,25,recent,trailing_close_10,2026Q3,69,69,15,50.72463768115942,2.7839463039945036,1.660474448396787,-15.751999784713588,-21.79367371046067,24.637681159420293,15.541749291622402,-10.34908618326951,-1.6525150587496706,1.2529209138430746,49.275362318840585,2.2799986854225516,-1.1741600840442459,4.802328659299415,-6.38618773566183,30.0,1,1,0,0,descriptive only
volatility_2_to_5,0,older,hold_20,2024Q3,17,17,8,82.35294117647058,4.752753986832547,3.4307496823379857,-6.511919618036293,-25.236711352770225,11.76470588235294,8.698739890484855,-13.661846896878231,0.2976609416639242,1.9865110801993429,52.94117647058824,1.9595262616482145,-1.2436753605252537,-1.0619394144525396,-2.7587450414713333,20.0,0,0,0,0,small (<30 trades)
volatility_2_to_5,0,older,hold_20,2024Q4,115,109,38,51.30434782608696,1.4482402335826015,0.2330057744909464,-8.79341213062471,-29.055768564370275,7.82608695652174,7.997452697024551,-5.45182289754374,-0.05165956347670253,0.0428190022784542,49.56521739130435,-1.6105849519981037,-1.0499714959511408,-0.32666394446712044,-5.493133583021215,20.0,1,1,0,0,descriptive only
volatility_2_to_5,0,older,hold_20,2025Q1,159,151,46,30.81761006289308,-4.495240358870001,-4.178119846069272,-16.740725232944005,-29.476318829418556,27.67295597484277,5.955770726535593,-9.150690751459765,-0.6856283532575391,-0.08617095686112786,47.16981132075472,-2.740551964938398,-0.9356930881802059,-2.771341384941417,-9.683008867597598,20.0,0,1,0,1,descriptive only
volatility_2_to_5,0,older,hold_20,2025Q2,237,221,36,85.65400843881856,9.520366885504355,8.412781561026716,-1.4142465340368755,-17.485700667302197,2.109704641350211,11.915044591885929,-4.777267655538561,-0.08487409301309867,0.20949846675063208,48.9451476793249,5.56648642448506,-0.15885758153234564,5.117232771685831,-5.398984487818503,20.0,1,1,4,4,descriptive only
volatility_2_to_5,0,older,hold_20,2025Q3,87,86,43,59.77011494252874,3.66797576472875,1.9868276619099845,-9.04076450969019,-24.842798682503243,9.195402298850574,10.710101488235795,-6.794611024481714,-0.17206703067396134,1.6408389048485945,49.42528735632184,1.0126876964265064,-0.46675696501807806,1.9868276619099845,-4.351595006934805,20.0,1,1,0,0,descriptive only
volatility_2_to_5,0,older,hold_20,2025Q4,119,118,24,53.78151260504202,0.9154529709185589,0.5415944540727802,-9.847865803022755,-27.408759124087588,10.084033613445378,8.469417751516414,-7.8746151374134925,-1.1422485604839938,-0.2492739960868472,48.739495798319325,-0.056457981105931254,-1.1085982228302704,0.9567050429706514,-6.205614920023894,20.0,1,1,1,1,descriptive only
volatility_2_to_5,0,older,hold_30,2024Q3,17,17,8,58.82352941176471,3.7136974246333563,3.003735214774861,-20.881274832890114,-36.66086524117353,17.647058823529413,15.721975270437067,-13.44098521222909,-0.20123563609670825,-0.08163205077893136,47.05882352941176,0.2368263859577724,-0.8549487410528134,-1.656609983543611,-4.333516182117392,30.0,0,0,0,0,small (<30 trades)
volatility_2_to_5,0,older,hold_30,2024Q4,115,109,38,51.30434782608696,0.5559331324059867,0.20638582008012385,-12.121361781383886,-36.93535586134431,16.52173913043478,8.605439615653806,-7.9247969124443935,-1.4513846277221187,-0.8463077441257721,43.47826086956522,0.1782314574660243,-1.5801351599586513,-1.5311384371281211,-7.329613391789557,30.0,1,1,0,0,descriptive only
volatility_2_to_5,0,older,hold_30,2025Q1,159,151,46,24.528301886792452,-7.164728398730668,-6.142088876309093,-23.43240810032689,-41.249809170016796,40.25157232704403,8.892302859263964,-12.383263557578921,-0.8960317639292725,-0.8016570453946074,48.42767295597484,-3.665399317661011,0.9908681972688961,-4.683261372481967,-16.663697104677055,30.0,0,1,0,1,descriptive only
volatility_2_to_5,0,older,hold_30,2025Q2,237,221,36,88.60759493670885,14.825014025400744,12.367778681855167,-0.8882901103138161,-16.963775023832216,1.2658227848101267,17.345968834835652,-4.782412270204083,-0.21091668379895623,0.8146364015235826,49.36708860759494,6.699837206075232,0.38139721752360467,4.9473737733258805,-5.512741182426739,30.0,1,1,4,4,descriptive only
volatility_2_to_5,0,older,hold_30,2025Q3,87,86,43,62.06896551724138,6.542890056387118,2.1246569972559692,-9.53583190296472,-22.397444854775927,10.344827586206897,14.667660185029424,-6.752188335936656,-1.6549027069818756,3.1063321026921686,44.827586206896555,0.8668515950069455,-2.1682710454406173,0.8685446009389697,-4.721533846354509,30.0,1,1,0,0,descriptive only
volatility_2_to_5,0,older,hold_30,2025Q4,119,118,24,49.57983193277311,-0.2822644672373446,-1.606295817162584,-14.193398019117552,-41.25,21.008403361344538,9.849668133691708,-10.245331524817578,-2.47657552167726,-1.2470945111636476,46.21848739495798,-2.9304661389929487,-2.9095543968948534,-2.3410652920962227,-8.12817506838609,30.0,0,1,1,1,descriptive only
volatility_2_to_5,0,older,recovery_30,2024Q3,17,17,8,70.58823529411765,3.833163900688472,7.071167883211671,-13.074861264851837,-21.13996437611324,11.76470588235294,9.751565576288801,-10.371000120752317,3.4972523537056377,2.051254059917583,70.58823529411765,2.7372494693898295,1.2723416913663799,-1.656609983543611,-2.7587450414713333,24.0,0,0,0,0,small (<30 trades)
volatility_2_to_5,0,older,recovery_30,2024Q4,115,109,38,66.08695652173913,1.399525791028837,4.122226793682926,-10.172345828601145,-36.93535586134431,13.043478260869565,6.7811810315917045,-9.087802370068031,2.1957630998587385,0.04294140592387128,63.47826086956522,3.1021998073596624,1.5788293958956952,3.5795989772574366,-6.1735379393253575,26.0,1,1,0,0,descriptive only
volatility_2_to_5,0,older,recovery_30,2025Q1,159,151,46,42.138364779874216,-4.9368173034215515,-3.1178489702517242,-23.43240810032689,-41.249809170016796,35.22012578616352,7.459027812086397,-13.964226246237123,1.3237480571730806,-0.34325904261412205,57.23270440251572,-1.2926988021292911,1.7561440125309582,-2.163850479891083,-11.487883872478232,30.0,0,1,0,1,descriptive only
volatility_2_to_5,0,older,recovery_30,2025Q2,237,221,36,89.87341772151899,9.2583713017611,9.297850370787565,-0.052938288494103536,-16.963775023832216,1.2658227848101267,10.883583245856602,-5.1653847020864845,2.2078603760556703,0.3207686000976267,58.64978902953587,6.8736632041388415,2.575100181324392,6.2292776047423,-5.463265553134833,19.0,1,1,4,4,descriptive only
volatility_2_to_5,0,older,recovery_30,2025Q3,87,86,43,66.66666666666666,4.453875392770654,5.328787140769609,-9.53583190296472,-22.397444854775927,10.344827586206897,10.330250049503594,-7.29887392069523,3.850588412653133,2.0289144650667144,55.172413793103445,4.206944551852132,0.08409529951696193,4.94288891135144,-4.520206856923958,25.0,1,1,0,0,descriptive only
volatility_2_to_5,0,older,recovery_30,2025Q4,119,118,24,65.54621848739495,0.7153410434915309,4.533977385003829,-13.780605766479798,-41.25,15.966386554621847,7.102239027816489,-11.435342926687657,2.924498272767617,-0.5866534350637714,62.18487394957983,2.4729245309788928,1.7488209186032777,2.489968377135865,-5.646970830216902,21.0,1,1,1,1,descriptive only
volatility_2_to_5,0,older,recovery_stop_10,2024Q3,17,17,8,70.58823529411765,3.6086577355391984,7.071167883211671,-9.849151698850934,-33.02084309865316,11.76470588235294,9.751565576288801,-11.134321082259849,3.4972523537056377,2.029493595266338,70.58823529411765,2.7372494693898295,1.2723416913663799,-1.656609983543611,-2.7587450414713333,15.0,0,0,0,0,small (<30 trades)
volatility_2_to_5,0,older,recovery_stop_10,2024Q4,115,109,38,63.47826086956522,1.04235460722473,3.8128849214587257,-11.188465221190835,-15.123129031176298,19.130434782608695,6.807865611735263,-8.978652614900719,2.1201170174436124,-0.03614228213369889,60.86956521739131,2.1530616423443063,0.7521718003927036,3.4583052530769987,-6.1735379393253575,18.0,1,1,0,0,descriptive only
volatility_2_to_5,0,older,recovery_stop_10,2025Q1,159,151,46,37.735849056603776,-4.50497043174132,-8.49373123785978,-15.843867372247002,-26.019459932218215,41.509433962264154,6.911519672418263,-11.42405534335319,-0.6210225711350654,-0.2565947284301301,48.42767295597484,-3.198975514523947,0.9467295423690121,-7.232571579276264,-10.52340015182912,17.0,0,1,0,1,descriptive only
volatility_2_to_5,0,older,recovery_stop_10,2025Q2,237,221,36,86.91983122362869,8.333175069274757,9.08362704261454,-3.7700600677517175,-27.791444832017632,5.9071729957805905,10.893965619142389,-8.683691165329494,1.808947663308878,0.2567629505528559,57.383966244725734,6.777348247091525,2.5006646497922507,6.210907494787676,-5.463265553134833,17.0,1,1,4,4,descriptive only
volatility_2_to_5,0,older,recovery_stop_10,2025Q3,87,86,43,66.66666666666666,3.8714099277831906,5.328787140769609,-11.355649220869438,-24.039325281964263,13.793103448275861,10.330250049503594,-9.046270315657615,3.850588412653133,1.7876226435729843,55.172413793103445,4.206944551852132,0.08409529951696193,4.94288891135144,-4.520206856923958,18.0,1,1,0,0,descriptive only
volatility_2_to_5,0,older,recovery_stop_10,2025Q4,119,118,24,63.02521008403361,0.9786653479288845,4.3867502238137845,-11.143474886659412,-14.995687796464008,23.52941176470588,7.14813713586181,-9.5374797451386,2.7073263763138566,-0.08125794550735387,59.66386554621849,-0.8974587762524799,-1.4363697156945632,0.4702448516296531,-5.646970830216902,14.0,1,1,1,1,descriptive only
volatility_2_to_5,0,older,trailing_close_10,2024Q3,17,17,8,64.70588235294117,5.055362555562726,3.003735214774861,-14.934009076623667,-33.02084309865316,11.76470588235294,14.26978827822158,-11.83775126931184,0.8858273815268713,1.8893903053184096,52.94117647058824,0.2368263859577724,-0.8549487410528134,-1.656609983543611,-3.7393001952245264,30.0,0,0,0,0,small (<30 trades)
volatility_2_to_5,0,older,trailing_close_10,2024Q4,115,109,38,44.34782608695652,-0.7950306440212062,-3.040803337812026,-11.040860070466358,-15.123129031176298,18.26086956521739,8.013118047578173,-7.814024132639461,-3.2601837451562865,-1.6872887214565508,39.130434782608695,-3.351472118473114,-3.5471100175040764,-3.1900138696255187,-6.736377229203184,30.0,0,1,0,0,descriptive only
volatility_2_to_5,0,older,trailing_close_10,2025Q1,159,151,46,18.238993710691823,-6.396320432628124,-8.49373123785978,-14.194775722851588,-26.019459932218215,36.477987421383645,7.2395837710788,-9.438175985762744,-2.39383133193558,-0.6837662946878824,38.9937106918239,-7.572253672138513,-1.4305302760955767,-8.383497194238021,-9.846674051186389,20.0,0,1,0,1,descriptive only
volatility_2_to_5,0,older,trailing_close_10,2025Q2,237,221,36,82.27848101265823,11.201682304021045,9.866281516623943,-5.419909031776855,-27.791444832017632,5.9071729957805905,15.21184536354355,-7.416931900904873,-2.0282140296341566,-0.5072669523189275,44.72573839662447,6.323446810613975,-0.8129823182834173,4.599605126660644,-5.428384565075206,30.0,1,1,4,4,descriptive only
volatility_2_to_5,0,older,trailing_close_10,2025Q3,87,86,43,60.91954022988506,6.291607544672748,2.0197585071350277,-9.827649045229595,-15.823443681032689,9.195402298850574,14.851610345688911,-7.051926233381861,-1.6549027069818756,3.3634641255487683,43.67816091954023,0.7701236255497956,-2.1682710454406173,0.7232625586307995,-4.555784006059948,30.0,1,1,0,0,descriptive only
volatility_2_to_5,0,older,trailing_close_10,2025Q4,119,118,24,46.21848739495798,0.1901666976155296,-1.7981932844724713,-10.960285933315593,-17.67803080163223,18.487394957983195,9.563373560693076,-7.864932950341736,-3.481415372652208,-0.7420053743352549,43.69747899159664,-3.1705152653257795,-3.556853401919888,-3.2203252690347184,-5.969894674001108,25.0,0,1,1,1,descriptive only
volatility_2_to_5,0,recent,hold_20,2026Q1,211,191,44,45.023696682464454,-0.13504371585159056,-1.0494752623688153,-13.707194769748321,-39.372247890501285,24.170616113744074,11.13247478088915,-9.362752829561682,-0.7795210802174601,-0.5516447685596023,46.44549763033176,-0.9308572096600325,-0.967574309610389,-0.02970472151657133,-8.029197080291961,20.0,0,1,1,3,descriptive only
volatility_2_to_5,0,recent,hold_20,2026Q2,172,155,55,56.395348837209305,1.479546274064293,1.3559034326211528,-10.111154106835292,-34.96545370796868,10.465116279069768,8.6499174589124,-7.79413379167259,-0.5411202832157402,-0.8654980389410607,47.093023255813954,1.0619469026548645,-1.2189495486931268,1.7918284025212672,-6.802776009182998,20.0,1,1,2,2,descriptive only
volatility_2_to_5,0,recent,hold_20,2026Q3,35,35,12,82.85714285714286,7.299524924257572,6.935111567068475,-4.328527430938504,-10.771306498763211,2.857142857142857,9.88961984796518,-5.2192672069958626,3.7839151589849074,4.2623661308123335,68.57142857142857,5.94080331594663,3.9694339751374375,4.276189746340697,-3.577055493960435,20.0,1,1,0,0,descriptive only
volatility_2_to_5,0,recent,hold_30,2026Q1,211,191,44,44.54976303317535,0.41242914649088214,-2.308732089753973,-15.857657367091328,-36.12286067547341,25.118483412322274,13.621098223337668,-10.19966395798431,-1.894523018277349,-0.33046082069704136,45.497630331753555,-1.4134895938322485,-2.8746042074936224,0.24628344017317838,-9.676277187658066,30.0,0,1,0,3,descriptive only
volatility_2_to_5,0,recent,hold_30,2026Q2,172,155,55,61.627906976744185,3.961979926164722,3.273412753974214,-9.828682260414167,-41.473975126669735,9.883720930232558,11.780898089462632,-8.595676517919797,0.4465989984125063,0.9746721466657391,51.74418604651163,3.6333168297977725,2.2521146756901755,4.436267193665233,-7.5996016592721265,30.0,1,1,2,2,descriptive only
volatility_2_to_5,0,recent,hold_30,2026Q3,35,35,12,74.28571428571429,8.842515131494888,9.637832984136496,-3.0547179453113182,-12.997526422307182,5.714285714285714,13.593209631248572,-4.88171342334908,6.668954359799195,5.97848808180858,68.57142857142857,7.240614333034196,4.548590000108849,7.681143239924104,-3.636435372718183,30.0,1,1,0,0,descriptive only
volatility_2_to_5,0,recent,recovery_30,2026Q1,211,191,44,55.45023696682464,-0.5191633391328045,2.994688665385925,-15.774647887323944,-36.12286067547341,23.22274881516588,8.016829203617295,-11.1437498019175,2.4608896632955957,-0.31676167213749973,57.81990521327014,0.7087021841548218,1.1400441171362188,4.604537546040966,-7.785651878458411,30.0,1,1,2,3,descriptive only
volatility_2_to_5,0,recent,recovery_30,2026Q2,172,155,55,70.93023255813954,3.205837181149657,6.231091687440182,-9.268213640694126,-41.473975126669735,8.13953488372093,8.340501906113586,-9.322744747762327,4.368223956955575,0.9210424353969078,64.53488372093024,4.286474973375931,2.881192629522178,5.874692254838132,-6.907076435500387,19.0,1,1,2,2,descriptive only
volatility_2_to_5,0,recent,recovery_30,2026Q3,35,35,12,88.57142857142857,7.637407730204696,8.494229030370715,0.29121364805473154,-7.459207459207462,0.0,9.05755900864713,-3.368764677724162,6.660285717670423,6.650494906187593,85.71428571428571,7.742115954810158,7.589386494974936,8.002330775954158,-2.76649551689786,13.0,1,1,0,0,descriptive only
volatility_2_to_5,0,recent,recovery_stop_10,2026Q1,211,191,44,50.71090047393365,-1.0497980230121478,0.3844338031968597,-13.148416922001827,-25.793735099025085,30.80568720379147,8.248651668851197,-10.616472225217702,1.2406379405505819,-0.9072326659481181,52.60663507109005,-2.6233819395508977,-1.2743670152213147,3.0408213392130734,-7.785651878458411,12.0,1,1,0,3,descriptive only
volatility_2_to_5,0,recent,recovery_stop_10,2026Q2,172,155,55,64.53488372093024,2.2022094270904153,5.492728485387732,-11.042201065051103,-15.181943804698294,16.86046511627907,8.268254904342974,-8.836004474139648,3.4675980789491745,0.39078825836884,59.883720930232556,0.6024540620768626,0.3472666230746153,4.436124912703732,-6.907076435500387,12.0,1,1,2,2,descriptive only
volatility_2_to_5,0,recent,recovery_stop_10,2026Q3,35,35,12,88.57142857142857,7.121405921983059,8.494229030370715,0.29121364805473154,-12.885841514016805,5.714285714285714,9.05755900864713,-7.883780499663484,6.660285717670423,6.208943364018656,85.71428571428571,7.742115954810158,7.589386494974936,8.002330775954158,-2.76649551689786,10.0,1,1,0,0,descriptive only
volatility_2_to_5,0,recent,trailing_close_10,2026Q1,211,191,44,39.81042654028436,-0.9308043300086227,-4.877659574468074,-12.751677852348998,-25.793735099025085,24.170616113744074,11.447670615614802,-9.118142089318605,-4.99083523468995,-1.6489671379769917,38.388625592417064,-5.652703649638752,-5.197223909649784,-2.5034693493552695,-7.9772911597729035,19.0,0,1,0,3,descriptive only
volatility_2_to_5,0,recent,trailing_close_10,2026Q2,172,155,55,47.093023255813954,2.1435701170148302,-1.6706299999470653,-10.392025753525418,-15.181943804698294,12.209302325581394,12.777651281963957,-7.321930700137688,-3.183933495435509,-0.145005056711085,40.69767441860465,0.43378961008181927,-1.5613540945550342,-1.819884217397355,-7.025765514331772,24.5,0,1,0,2,descriptive only
volatility_2_to_5,0,recent,trailing_close_10,2026Q3,35,35,12,71.42857142857143,8.757212668932281,9.637832984136496,-5.731253343778046,-10.249468677259388,2.857142857142857,14.166970782902556,-4.767182615993409,6.256847247792607,5.988832066618079,71.42857142857143,5.50738597477406,2.9142425411203874,7.681143239924104,-3.577055493960435,30.0,1,1,0,0,descriptive only
volatility_2_to_5,10,older,hold_20,2024Q3,17,17,8,82.35294117647058,4.543457775070658,3.224094837817848,-6.698708989428807,-25.38608855286458,11.76470588235294,8.481559591003384,-13.834350699282053,0.2970662145077574,1.9825420270920613,52.94117647058824,1.7558109244621312,-1.2411904946700414,-1.2596178571808836,-2.7587450414713333,20.0,0,0,0,0,small (<30 trades)
volatility_2_to_5,10,older,hold_20,2024Q4,115,109,38,50.43478260869565,1.2455464469021267,0.03274002868778325,-8.975643075418663,-29.197515280525376,7.82608695652174,7.916429857724908,-5.5423700062157915,-0.051556347565662186,0.04273344982635204,49.56521739130435,-1.8071671998462546,-1.0478736508043958,-0.5258114690535831,-5.493133583021215,20.0,1,1,0,0,descriptive only
volatility_2_to_5,10,older,hold_20,2025Q1,159,151,46,30.18867924528302,-4.686059059451668,-4.3695721540691235,-16.907077430280776,-29.617225285303828,28.930817610062892,5.865723820211312,-9.248992196603226,-0.6842584664378593,-0.08599878711715006,47.16981132075472,-2.9348765364370144,-0.9338235715205037,-2.9656044391173477,-9.683008867597598,20.0,0,1,0,1,descriptive only
volatility_2_to_5,10,older,hold_20,2025Q2,237,221,36,85.65400843881856,9.301544973645216,8.196172606858854,-1.6112210664363964,-17.65056440223265,2.109704641350211,11.691438109184865,-4.967522865017996,-0.08470451440569793,0.20907988839548797,48.9451476793249,5.355564373686885,-0.15854018376704193,4.907208330583579,-5.398984487818503,20.0,1,1,4,4,descriptive only
volatility_2_to_5,10,older,hold_20,2025Q3,87,86,43,58.620689655172406,3.460846942022011,1.7830577764716304,-9.222501243936557,-24.99296292089983,9.195402298850574,10.696310593541234,-6.789393230963557,-0.17172324040286568,1.6375605054383071,49.42528735632184,0.8108641445855103,-0.4658243836693776,1.7830577764716304,-4.351595006934805,20.0,1,1,0,0,descriptive only
volatility_2_to_5,10,older,hold_20,2025Q4,119,118,24,52.94117647058824,0.7138236942533989,0.3407121474712671,-10.02798994727244,-27.553796568395093,10.084033613445378,8.384842666322818,-7.916072649324698,-1.1399663455779363,-0.24877594614460696,48.739495798319325,-0.2561453777470718,-1.1063832413660655,0.7549933445831103,-6.205614920023894,20.0,1,1,1,1,descriptive only
volatility_2_to_5,10,older,hold_30,2024Q3,17,17,8,58.82352941176471,3.506477249958778,2.7979335460140753,-21.039354203853357,-36.787416958973395,17.647058823529413,15.490762532634017,-13.613930296720131,-0.20083356689371,-0.08146894977836482,47.05882352941176,0.03655300656527638,-0.8532405517599706,-1.8531002732867674,-4.333516182117392,30.0,0,0,0,0,small (<30 trades)
volatility_2_to_5,10,older,hold_30,2024Q4,115,109,38,50.43478260869565,0.3550221770964945,0.006173260999053909,-12.296943476126364,-37.06135914633661,16.52173913043478,8.534488486556599,-7.967943541301508,-1.448484758336055,-0.8446168195620801,43.47826086956522,-0.02192484914229631,-1.5769780467519365,-1.7278794192717162,-7.329613391789557,30.0,1,1,0,0,descriptive only
volatility_2_to_5,10,older,hold_30,2025Q1,159,151,46,23.270440251572328,-7.350213456875052,-6.329617170262514,-23.58539030192463,-41.36719216867809,40.25157232704403,9.149456334600263,-12.354211672322483,-0.8942414906746636,-0.8000553330161962,48.42767295597484,-3.857876042301031,0.9888884406309946,-4.873704406702773,-16.663697104677055,30.0,0,1,0,1,descriptive only
volatility_2_to_5,10,older,hold_30,2025Q2,237,221,36,88.18565400843882,14.5955934179574,12.143267635537814,-1.086315504698798,-17.12968156724113,1.2658227848101267,17.1935554717099,-4.796337626123773,-0.21049527184331396,0.8130087563656933,49.36708860759494,6.486650718151015,0.38063518512096994,4.737688710841725,-5.512741182426739,30.0,1,1,4,4,descriptive only
volatility_2_to_5,10,older,hold_30,2025Q3,87,86,43,60.91954022988506,6.33001714918156,1.9206117285301971,-9.716579491570176,-22.55249491500613,10.344827586206897,14.711892351485266,-6.735847136762452,-1.6515962080668078,3.100125644944533,44.827586206896555,0.6653194239879534,-2.1639388355596534,0.6670090472907342,-4.721533846354509,30.0,1,1,0,0,descriptive only
volatility_2_to_5,10,older,hold_30,2025Q4,119,118,24,49.57983193277311,-0.4815007020680297,-1.8028866347106876,-14.364839781317107,-41.36738261738261,21.84873949579832,9.630188277280745,-10.424661531760991,-2.4716273188367555,-1.2446028138386467,46.21848739495798,-3.1244112615923525,-2.9037411013965646,-2.5361880387653746,-8.12817506838609,30.0,0,1,1,1,descriptive only
volatility_2_to_5,10,older,recovery_30,2024Q3,17,17,8,70.58823529411765,3.6257050317560413,6.857239475852617,-13.24853786572125,-21.297526884852267,11.76470588235294,9.532281728983541,-10.55007904158996,3.4902648365154,2.047155650207467,70.58823529411765,2.5319802396807756,1.269799550124906,-1.8531002732867674,-2.7587450414713333,24.0,0,0,0,0,small (<30 trades)
volatility_2_to_5,10,older,recovery_30,2024Q4,115,109,38,65.21739130434783,1.1969293359019175,3.9141903765127273,-10.351821661111423,-37.06135914633661,13.043478260869565,6.656496900550395,-9.039759847813977,2.191375960798081,0.04285560890903903,63.47826086956522,2.896201406146165,1.5756748916082057,3.372646731548623,-6.1735379393253575,26.0,1,1,0,0,descriptive only
volatility_2_to_5,10,older,recovery_30,2025Q1,159,151,46,42.138364779874216,-5.126753732385734,-3.3114197015798874,-23.58539030192463,-41.36719216867809,35.22012578616352,7.244324459814508,-14.136125894096779,1.3211032059100116,-0.3425732103611467,57.23270440251572,-1.4899161871400197,1.752635233285144,-2.359327302109077,-11.487883872478232,30.0,0,1,0,1,descriptive only
volatility_2_to_5,10,older,recovery_30,2025Q2,237,221,36,89.45147679324894,9.04007285760175,9.079473047369424,-0.25263271748811855,-17.12968156724113,1.2658227848101267,10.712498694498304,-5.142098239281037,2.2034490666129836,0.3201277037937349,58.64978902953587,6.660129411523191,2.5699551260170534,6.017031295841724,-5.463265553134833,19.0,1,1,4,4,descriptive only
volatility_2_to_5,10,older,recovery_30,2025Q3,87,86,43,65.51724137931035,4.245176341036858,5.118340013615241,-9.716579491570176,-22.55249491500613,10.344827586206897,10.288023852464868,-7.2362339306763594,3.8428949293111803,2.0248606899117365,55.172413793103445,3.9987388684318725,0.08392727694048752,4.73321280963046,-4.520206856923958,25.0,1,1,0,0,descriptive only
volatility_2_to_5,10,older,recovery_30,2025Q4,119,118,24,65.54621848739495,0.5141115908571924,4.32511828932951,-13.952872288424883,-41.36738261738261,16.80672268907563,6.888248540248433,-11.612295288472486,2.9186551193754795,-0.5854813003283802,62.18487394957983,2.2681834230249,1.745326770913752,2.285193215543191,-5.646970830216902,21.0,1,1,1,1,descriptive only
volatility_2_to_5,10,older,recovery_stop_10,2024Q3,17,17,8,70.58823529411765,3.4016474303732993,6.857239475852617,-10.02927327387819,-33.154667587966536,11.76470588235294,9.532281728983541,-11.311874886291282,3.4902648365154,2.0254386630080736,70.58823529411765,2.5319802396807756,1.269799550124906,-1.8531002732867674,-2.7587450414713333,15.0,0,0,0,0,small (<30 trades)
volatility_2_to_5,10,older,recovery_stop_10,2024Q4,115,109,38,62.60869565217392,0.84047178083668,3.605466569967297,-11.365910845124517,-15.292713188956164,19.130434782608695,6.687192413604033,-8.949386022866797,2.1158810194067845,-0.03607006978178258,60.86956521739131,1.9489596210808866,0.750668959632661,3.251595352471459,-6.1735379393253575,18.0,1,1,0,0,descriptive only
volatility_2_to_5,10,older,recovery_stop_10,2025Q1,159,151,46,37.735849056603776,-4.695769691617951,-8.676560945676236,-16.012011493381365,-26.167273199086903,42.138364779874216,6.6979102425033545,-11.601030257752074,-0.6197817667971446,-0.2560820516500511,48.42767295597484,-3.392384154854558,0.9448379748517868,-7.417921086610374,-10.52340015182912,17.0,0,1,0,1,descriptive only
volatility_2_to_5,10,older,recovery_stop_10,2025Q2,237,221,36,86.91983122362869,8.116725169036458,8.86567773783411,-3.9623276800039524,-27.93571766951609,5.9071729957805905,10.67239925426899,-8.866141332831324,1.8053333822632958,0.2562499376646379,57.383966244725734,6.56400689195249,2.4956683168256273,5.998697889403504,-5.463265553134833,17.0,1,1,4,4,descriptive only
volatility_2_to_5,10,older,recovery_stop_10,2025Q3,87,86,43,65.51724137931035,3.6638746432122073,5.118340013615241,-11.532760810837715,-24.19109486182046,14.942528735632186,10.288023852464868,-8.922008854367844,3.8428949293111803,1.784050969959453,55.172413793103445,3.9987388684318725,0.08392727694048752,4.73321280963046,-4.520206856923958,18.0,1,1,0,0,descriptive only
volatility_2_to_5,10,older,recovery_stop_10,2025Q4,119,118,24,63.02521008403361,0.7769097728081575,4.178185288301672,-11.321010401371375,-15.165526582085443,26.05042016806723,6.934054943782174,-9.7182240413521,2.701917132804743,-0.0810955919698774,59.66386554621849,-1.0954658516245996,-1.433499846132738,0.26950510167635944,-5.646970830216902,14.0,1,1,1,1,descriptive only
volatility_2_to_5,10,older,trailing_close_10,2024Q3,17,17,8,64.70588235294117,4.845461731275901,2.7979335460140753,-15.103971096450579,-33.154667587966536,11.76470588235294,14.041477012930443,-12.013899618424091,0.8840574966487047,1.8856152997133886,52.94117647058824,0.03655300656527638,-0.8532405517599706,-1.8531002732867674,-3.7393001952245264,30.0,0,0,0,0,small (<30 trades)
volatility_2_to_5,10,older,trailing_close_10,2024Q4,115,109,38,43.47826086956522,-0.9932423710061674,-3.2345280064677295,-11.218600609786092,-15.292713188956164,18.26086956521739,7.953731040579976,-7.875529610687817,-3.2536698915196283,-1.6839175152198695,39.130434782608695,-3.5445760702843385,-3.54002288460199,-3.383440415340533,-6.736377229203184,30.0,0,1,0,0,descriptive only
volatility_2_to_5,10,older,trailing_close_10,2025Q1,159,151,46,16.9811320754717,-6.583340771424061,-8.676560945676236,-14.366214732396339,-26.167273199086903,37.735849056603776,7.553682761561787,-9.475004675898438,-2.389048452151499,-0.6824001282649316,38.9937106918239,-7.756924493972394,-1.427672073745745,-8.566547149893882,-9.846674051186389,20.0,0,1,0,1,descriptive only
volatility_2_to_5,10,older,trailing_close_10,2025Q2,237,221,36,81.85654008438819,10.979501120596442,9.646768466640697,-5.608880242502563,-27.93571766951609,5.9071729957805905,15.059122078555852,-7.426230643220447,-2.0241616539505847,-0.506253431934675,44.72573839662447,6.1110123514519366,-0.8113579779871487,4.390614906627377,-5.428384565075206,30.0,1,1,4,4,descriptive only
volatility_2_to_5,10,older,trailing_close_10,2025Q3,87,86,43,59.77011494252874,6.079236700427656,1.8159228258020965,-10.007813582601745,-15.991628608742914,10.344827586206897,14.90426192182704,-7.032229342794286,-1.6515962080668078,3.356743917505713,43.67816091954023,0.5687847172070437,-2.1639388355596534,0.5220172787933963,-4.555784006059948,30.0,1,1,0,0,descriptive only
volatility_2_to_5,10,older,trailing_close_10,2025Q4,119,118,24,46.21848739495798,-0.010013455626449588,-1.9944006904974887,-11.138187459922342,-17.842510260570023,20.168067226890756,9.344465721410979,-8.049018998392988,-3.4744594977817567,-0.7405228461148025,43.69747899159664,-3.3639807692911585,-3.5497468017162523,-3.4136912525131513,-5.969894674001108,25.0,0,1,1,1,descriptive only
volatility_2_to_5,10,recent,hold_20,2026Q1,211,191,44,44.07582938388626,-0.3345740980376897,-1.2471786084979453,-13.879607967011554,-39.49338226035043,24.644549763033176,11.146952745189129,-9.383574067699506,-0.7779635955417197,-0.5505425812098311,46.44549763033176,-1.128797554895458,-0.9656410942065727,-0.2294455712238297,-8.029197080291961,20.0,0,1,1,3,descriptive only
volatility_2_to_5,10,recent,hold_20,2026Q2,172,155,55,55.23255813953488,1.276789937852388,1.153394135053487,-10.290752200527919,-35.0953928613993,10.465116279069768,8.612627724803659,-7.773919020074501,-0.540039123808711,-0.8637687721299909,47.093023255813954,0.8600249308214014,-1.2165140850593836,1.5884481259927696,-6.802776009182998,20.0,1,1,2,2,descriptive only
volatility_2_to_5,10,recent,hold_20,2026Q3,35,35,12,82.85714285714286,7.085140259074253,6.72145500050092,-4.519679224283269,-10.949585606657774,2.857142857142857,9.670060167949277,-5.4086393004883675,3.7763548889369725,4.2538499147667554,68.57142857142857,5.72913337925145,3.96150303812417,4.0678457108835,-3.577055493960435,20.0,1,1,0,0,descriptive only
volatility_2_to_5,10,recent,hold_30,2026Q1,211,191,44,44.07582938388626,0.2118049124319689,-2.5039194382259877,-16.025773935788447,-36.25048732747046,25.59241706161137,13.538475878614378,-10.291418815152474,-1.8907377575015918,-0.32980055931702706,45.497630331753555,-1.6104656385998035,-2.86886074254358,0.045991165567460524,-9.676277187658066,30.0,0,1,0,3,descriptive only
volatility_2_to_5,10,recent,hold_30,2026Q2,172,155,55,60.46511627906976,3.7542636825560134,3.0670722689512986,-10.008844733420323,-41.590910241301756,10.465116279069768,11.780706675395287,-8.521472659433464,0.4457066927213815,0.9727247497693007,51.74418604651163,3.426257255712284,2.2476149460683996,4.227603323148421,-7.5996016592721265,30.0,1,1,2,2,descriptive only
volatility_2_to_5,10,recent,hold_30,2026Q3,35,35,12,74.28571428571429,8.62504756879461,9.418776374777593,-3.2484148125534396,-13.171357538346518,5.714285714285714,13.36625017144589,-5.071759949975746,6.655629775663763,5.966543050676095,68.57142857142857,7.026347371329846,4.5395019082005525,7.465996100583583,-3.636435372718183,30.0,1,1,0,0,descriptive only
volatility_2_to_5,10,recent,recovery_30,2026Q1,211,191,44,54.976303317535546,-0.7179262495441172,2.788905071648906,-15.94293030912748,-36.25048732747046,23.696682464454977,7.868558450286799,-11.202475988285029,2.455972800831485,-0.31612878168367686,57.81990521327014,0.5074859959747073,1.137766306712368,4.395537471023914,-7.785651878458411,30.0,1,1,2,3,descriptive only
volatility_2_to_5,10,recent,recovery_30,2026Q2,172,155,55,69.18604651162791,2.9996317122562624,6.01884175399875,-9.449495931122307,-41.590910241301756,8.720930232558139,8.33197031218035,-8.972977597007253,4.359496236761862,0.9192021907707398,64.53488372093024,4.078110388014555,2.875436000891751,5.663154408175131,-6.907076435500387,19.0,1,1,2,2,descriptive only
volatility_2_to_5,10,recent,recovery_30,2026Q3,35,35,12,88.57142857142857,7.4223479745000045,8.277457343996364,0.09083160280387842,-7.644104147600661,0.0,8.839661787850648,-3.561834078967466,6.646978453499264,6.637207204077327,85.71428571428571,7.526846991863507,7.574222885594362,7.786541903274946,-2.76649551689786,13.0,1,1,0,0,descriptive only
volatility_2_to_5,10,recent,recovery_stop_10,2026Q1,211,191,44,50.71090047393365,-1.247500724264862,0.18386550388977962,-13.321946558521313,-25.941999364561497,31.753554502369667,8.032370646535817,-10.795060692300174,1.238159143466544,-0.9054200132689002,52.60663507109005,-2.8179406169943437,-1.271820827378706,2.8349455723015615,-7.785651878458411,12.0,1,1,0,3,descriptive only
volatility_2_to_5,10,recent,recovery_stop_10,2026Q2,172,155,55,62.7906976744186,1.9980092084548817,5.28195380309927,-11.219938925060976,-15.35141045044316,17.441860465116278,8.279043164159797,-8.601235591797163,3.4606698110591805,0.39000746264782277,59.883720930232556,0.4014501578569307,0.3465727836678809,4.227461326464576,-6.907076435500387,12.0,1,1,2,2,descriptive only
volatility_2_to_5,10,recent,recovery_stop_10,2026Q3,35,35,12,88.57142857142857,6.907377138922169,8.277457343996364,0.09083160280387842,-13.05989577672605,5.714285714285714,8.839661787850648,-8.06782889027354,6.646978453499264,6.196537882771864,85.71428571428571,7.526846991863507,7.574222885594362,7.786541903274946,-2.76649551689786,10.0,1,1,0,0,descriptive only
volatility_2_to_5,10,recent,trailing_close_10,2026Q1,211,191,44,38.862559241706165,-1.1287447808977054,-5.067714200692919,-12.926000174322304,-25.941999364561497,26.066350710900476,11.501790149329556,-9.157456907088678,-4.980863535919332,-1.6456724983406732,38.388625592417064,-5.841209736252847,-5.186839845894234,-2.698267612393507,-7.9772911597729035,19.0,0,1,0,3,descriptive only
volatility_2_to_5,10,recent,trailing_close_10,2026Q2,172,155,55,46.51162790697674,1.9394870598379883,-1.8670922776694354,-10.571062665106773,-15.35141045044316,12.790697674418606,12.7102594217553,-7.426401950524889,-3.1775719899501342,-0.14471533631805822,40.69767441860465,0.23312269777396866,-1.5582345059545255,-2.0160482848950503,-7.025765514331772,24.5,0,1,0,2,descriptive only
volatility_2_to_5,10,recent,trailing_close_10,2026Q3,35,35,12,71.42857142857143,8.539915540722637,9.418776374777593,-5.9196024879463085,-10.428790418163958,2.857142857142857,13.938864947172492,-4.957457975402006,6.244346054490335,5.976866368183277,71.42857142857143,5.296582006792516,2.90841987870058,7.465996100583583,-3.577055493960435,30.0,1,1,0,0,descriptive only
volatility_2_to_5,25,older,hold_20,2024Q3,17,17,8,82.35294117647058,4.230296360963068,2.9148855941467877,-6.978194333158293,-25.609595585424728,11.76470588235294,8.156601536916364,-14.092461126818975,0.29617634843865925,1.9766032942631833,52.94117647058824,1.4509999461287726,-1.2374724908967183,-1.555396075727078,-2.7587450414713333,20.0,0,0,0,0,small (<30 trades)
volatility_2_to_5,25,older,hold_20,2024Q4,115,109,38,49.56521739130435,0.9422639730659897,-0.26690946627958567,-9.248307830721336,-29.409605130134008,8.695652173913043,7.731060695052991,-5.72948452957641,-0.05140190979353587,0.04260544116983435,49.56521739130435,-2.1013052265517276,-1.0447347303853132,-0.8237878150682776,-5.493133583021215,20.0,0,1,0,0,descriptive only
volatility_2_to_5,25,older,hold_20,2025Q1,159,151,46,30.18867924528302,-4.971573324661162,-4.656034460303349,-17.15598346120861,-29.828057887625935,30.81761006289308,5.548601539366245,-9.520838130727068,-0.6822087604732241,-0.0857411765276576,47.16981132075472,-3.2256364937915616,-0.9310262897354096,-3.256272350602546,-9.683008867597598,20.0,0,1,0,1,descriptive only
volatility_2_to_5,25,older,hold_20,2025Q2,237,221,36,85.23206751054853,8.97413064168639,7.872069433540307,-1.9059460525703504,-17.897243307365517,2.109704641350211,11.413363314076333,-5.103726496106991,-0.08445078082850443,0.20845358661721677,48.9451476793249,5.03997028271706,-0.15806527439252704,4.592957296515343,-5.398984487818503,20.0,1,1,4,4,descriptive only
volatility_2_to_5,25,older,hold_20,2025Q3,87,86,43,58.620689655172406,3.150928504056798,1.4781651798057016,-9.494426532085745,-25.217647566879776,9.195402298850574,10.364718221337986,-7.068606928758219,-0.1712088409947743,1.6326551696623175,49.42528735632184,0.508883767766033,-0.4644290001052709,1.4781651798057016,-4.351595006934805,20.0,1,1,0,0,descriptive only
volatility_2_to_5,25,older,hold_20,2025Q4,119,118,24,50.42016806722689,0.41213400348256846,0.04014011764350567,-10.29750238255879,-27.77081020077542,10.92436974789916,8.471261355971546,-7.783588727862152,-1.1365515601823306,-0.2480307342609712,48.739495798319325,-0.5549295123722291,-1.103069054636588,0.45318032953938214,-6.205614920023894,20.0,1,1,1,1,descriptive only
volatility_2_to_5,25,older,hold_30,2024Q3,17,17,8,58.82352941176471,3.196422125757389,2.4900008745515567,-21.27588194095549,-36.97677115019512,17.647058823529413,15.144808311482285,-13.872700996706746,-0.2002319670887598,-0.08122490838102937,47.05882352941176,-0.26310791023153035,-0.8506846575562887,-2.147100706817706,-4.333516182117392,30.0,0,0,0,0,small (<30 trades)
volatility_2_to_5,25,older,hold_30,2024Q4,115,109,38,48.69565217391305,0.05440728137155196,-0.2933966528379739,-12.559659228858273,-37.24989273984133,16.52173913043478,8.510618017708934,-7.97182663786393,-1.4441458016486775,-0.8420867578707874,43.47826086956522,-0.3214105946909074,-1.5722541865922754,-2.022254953651159,-7.329613391789557,30.0,0,1,0,0,descriptive only
volatility_2_to_5,25,older,hold_30,2025Q1,159,151,46,22.641509433962266,-7.6277472097095576,-6.610208133783835,-23.814291351696824,-41.54282757814638,40.88050314465409,9.073568829791943,-12.515937270051461,-0.8915627775755155,-0.7976587558913946,48.42767295597484,-4.1458711415130605,0.9859262112476205,-5.158656577606735,-16.663697104677055,30.0,0,1,0,1,descriptive only
volatility_2_to_5,25,older,hold_30,2025Q2,237,221,36,87.76371308016878,14.252320688615715,11.807340882943219,-1.3826128529057577,-17.37792078431185,1.2658227848101267,16.924694392220616,-4.915049323447023,-0.20986473026378505,0.8105733770770758,49.36708860759494,6.167668441955165,0.37949498701227435,4.4239454752045715,-5.512741182426739,30.0,1,1,4,4,descriptive only
volatility_2_to_5,25,older,hold_30,2025Q3,87,86,43,56.32183908045977,6.0115040710684875,1.6153070870452257,-9.98702476130404,-22.784490017594983,10.344827586206897,15.55085992788804,-6.289244270619879,-1.6466488281440261,3.0908391744991888,44.827586206896555,0.3637750284483099,-2.157456726012019,0.3654595904604818,-4.721533846354509,30.0,1,1,0,0,descriptive only
volatility_2_to_5,25,older,hold_30,2025Q4,119,118,24,47.89915966386555,-0.7796097816152031,-2.0970374839098915,-14.621361121266583,-41.54301745635909,21.84873949579832,9.633750293744873,-10.353182754123662,-2.464223524062892,-1.2408745884147026,46.21848739495798,-3.4146034649829957,-2.895042903643505,-2.828142273183032,-8.12817506838609,30.0,0,1,0,1,descriptive only
volatility_2_to_5,25,older,recovery_30,2024Q3,17,17,8,70.58823529411765,3.3152927590391617,6.537147095764229,-13.508403103929869,-21.533281262017912,11.76470588235294,9.204176221793603,-10.818027551571499,3.4798096985749094,2.0410233663519097,70.58823529411765,2.2248442351285425,1.2659958475191746,-2.147100706817706,-2.7587450414713333,24.0,0,0,0,0,small (<30 trades)
volatility_2_to_5,25,older,recovery_30,2024Q4,115,109,38,64.34782608695652,0.8937924953129948,3.6029139418441325,-10.620364053894884,-37.24989273984133,13.043478260869565,6.424771374191703,-9.088949871443699,2.1848116629517023,0.042727234323252324,63.47826086956522,2.587974371911489,1.5709549350682805,3.0629924985678736,-6.1735379393253575,26.0,1,1,0,0,descriptive only
volatility_2_to_5,25,older,recovery_30,2025Q1,159,151,46,41.509433962264154,-5.410947890436895,-3.6010517185297464,-23.814291351696824,-41.54282757814638,35.22012578616352,7.0312413450889,-14.240888638229396,1.317145822473952,-0.34154702743899285,57.23270440251572,-1.7850045437645483,1.7473851895258183,-2.651811325377901,-11.487883872478232,30.0,0,1,0,1,descriptive only
volatility_2_to_5,25,older,recovery_30,2025Q2,237,221,36,89.0295358649789,8.713441769084,8.752723935023067,-0.5514273743370138,-17.37792078431185,1.2658227848101267,10.431259180379302,-5.2273072225817225,2.196848603606516,0.319168756705619,58.64978902953587,6.340627477434918,2.5622567888988312,5.699455771302175,-5.463265553134833,19.0,1,1,4,4,descriptive only
volatility_2_to_5,25,older,recovery_30,2025Q3,87,86,43,62.06896551724138,3.9329084332057254,4.803456531588712,-9.98702476130404,-22.784490017594983,10.344827586206897,10.516857003583258,-6.840825591048427,3.83138348291423,2.0187951909267348,55.172413793103445,3.687209167553629,0.08367587158915057,4.4194829816190495,-4.520206856923958,25.0,1,1,0,0,descriptive only
volatility_2_to_5,25,older,recovery_30,2025Q4,119,118,24,63.02521008403361,0.21302014053148344,4.012610914255688,-14.21062768285645,-41.54301745635909,16.80672268907563,6.837348921084958,-11.078449371775577,2.909912246469526,-0.5837274827691907,62.18487394957983,1.9618376255874814,1.7400986197573687,1.9787964650304524,-5.646970830216902,21.0,1,1,1,1,descriptive only
volatility_2_to_5,25,older,recovery_stop_10,2024Q3,17,17,8,70.58823529411765,3.091906325386892,6.537147095764229,-10.298781864941434,-33.35490373157758,11.76470588235294,9.204176221793603,-11.577541425989214,3.4798096985749094,2.0193714326964303,70.58823529411765,2.2248442351285425,1.2659958475191746,-2.147100706817706,-2.7587450414713333,15.0,0,0,0,0,small (<30 trades)
volatility_2_to_5,25,older,recovery_stop_10,2024Q4,115,109,38,61.73913043478261,0.5384027139218753,3.2951149218504616,-11.631415519339498,-15.54645507092105,20.0,6.459514377042983,-9.016118378841732,2.109542867730685,-0.035962021374927565,60.86956521739131,1.643570063080754,0.7484203200915002,2.94230373061779,-6.1735379393253575,18.0,1,1,0,0,descriptive only
volatility_2_to_5,25,older,recovery_stop_10,2025Q1,159,151,46,37.10691823899371,-4.98125486849073,-8.950121605750738,-16.26359870704875,-26.388440181932825,45.28301886792453,6.490063988178299,-11.749332993925456,-0.617925201702973,-0.25531495422349915,48.42767295597484,-3.6817736416335425,0.9420076992649404,-7.695252020277377,-10.52340015182912,17.0,0,1,0,1,descriptive only
volatility_2_to_5,25,older,recovery_stop_10,2025Q2,237,221,36,86.49789029535864,7.792859981647464,8.539569052377072,-4.250009892850205,-28.151587251808053,5.9071729957805905,10.392559998968126,-8.861468254313044,1.7999254804494935,0.25548233733314224,57.383966244725734,6.244792894238199,2.4881925069005106,5.681177282843608,-5.463265553134833,17.0,1,1,4,4,descriptive only
volatility_2_to_5,25,older,recovery_stop_10,2025Q3,87,86,43,62.06896551724138,3.353348032881542,4.803456531588712,-11.797765683608233,-24.418181514971916,17.24137931034483,10.516857003583258,-8.368757555539453,3.83138348291423,1.778706819914271,55.172413793103445,3.687209167553629,0.08367587158915057,4.4194829816190495,-4.520206856923958,18.0,1,1,0,0,descriptive only
volatility_2_to_5,25,older,recovery_stop_10,2025Q4,119,118,24,60.50420168067227,0.4750311067920917,3.866118053121448,-11.58664957550398,-15.41964945333949,26.05042016806723,6.896141229169782,-9.361563123233307,2.6938235016190193,-0.08085266897115874,59.66386554621849,-1.3917357898372396,-1.4292057769629163,-0.030853626433346992,-5.646970830216902,14.0,1,1,1,1,descriptive only
volatility_2_to_5,25,older,trailing_close_10,2024Q3,17,17,8,64.70588235294117,4.531395660023772,2.4900008745515567,-15.358278358037005,-33.35490373157758,11.76470588235294,13.699864147158143,-12.27746323305591,0.8814092898484338,1.8799669122744307,52.94117647058824,-0.26310791023153035,-0.8506846575562887,-2.147100706817706,-3.7393001952245264,30.0,0,0,0,0,small (<30 trades)
volatility_2_to_5,25,older,trailing_close_10,2024Q4,115,109,38,41.73913043478261,-1.2898185211083726,-3.5243903535835175,-11.484546553905412,-15.54645507092105,20.0,7.957682187218784,-7.914893655432304,-3.243923477100674,-1.6788733163620093,39.130434782608695,-3.8335096640168764,-3.5294186957210205,-3.672856693218396,-6.736377229203184,30.0,0,1,0,0,descriptive only
volatility_2_to_5,25,older,trailing_close_10,2025Q1,159,151,46,16.352201257861633,-6.863171702290816,-8.950121605750738,-14.622731953660296,-26.388440181932825,42.138364779874216,7.517949227798069,-9.674518651029997,-2.3818920235468823,-0.680355988978718,38.9937106918239,-8.03323993811288,-1.4233954617509585,-8.84043735785776,-9.846674051186389,20.0,0,1,0,1,descriptive only
volatility_2_to_5,25,older,trailing_close_10,2025Q2,237,221,36,81.0126582278481,10.647060447143145,9.318320012800418,-5.891630183738055,-28.151587251808053,5.9071729957805905,14.869422650051826,-7.368351618600561,-2.0180982489377497,-0.5047369425816803,44.72573839662447,5.793155305324152,-0.8089275436286407,4.077911335505235,-5.428384565075206,30.0,1,1,4,4,descriptive only
volatility_2_to_5,25,older,trailing_close_10,2025Q3,87,86,43,55.172413793103445,5.761474838714288,1.5109317814136602,-10.277386456475323,-16.24327687963102,11.494252873563218,15.78327329367786,-6.573046336625493,-1.6466488281440261,3.3466887433764554,43.67816091954023,0.26752949275404836,-2.157456726012019,0.22090214686707466,-4.555784006059948,30.0,1,1,0,0,descriptive only
volatility_2_to_5,25,older,trailing_close_10,2025Q4,119,118,24,44.537815126050425,-0.30953488192368955,-2.2879778566197273,-11.404374282775356,-18.08861418915525,21.84873949579832,9.363187583790504,-8.07702413469418,-3.46405170495816,-0.7383045994009129,43.69747899159664,-3.6534553388154203,-3.5391134847033294,-3.703016913578172,-5.969894674001108,25.0,0,1,0,1,descriptive only
volatility_2_to_5,25,recent,hold_20,2026Q1,211,191,44,43.127962085308056,-0.6331232983161595,-1.5429940889904015,-14.137582825759553,-39.67463069403993,25.118483412322274,11.053689194149966,-9.495622771769638,-0.7756331945305783,-0.5488934230804995,46.44549763033176,-1.4249676475170863,-0.9627485025798999,-0.5283096854990288,-8.029197080291961,20.0,0,1,0,3,descriptive only
volatility_2_to_5,25,recent,hold_20,2026Q2,172,155,55,54.06976744186046,0.9734138736949048,0.8503877047776665,-10.55947752774882,-35.28981553486159,11.046511627906977,8.46773337430266,-7.849012880185112,-0.5384214289353595,-0.86118134049248,47.093023255813954,0.5578972921678194,-1.2128699998218417,1.2841384853017002,-6.802776009182998,20.0,1,1,2,2,descriptive only
volatility_2_to_5,25,recent,hold_20,2026Q3,35,35,12,82.85714285714286,6.764365198949569,6.401769364738974,-4.80569188265451,-11.216337389043673,2.857142857142857,9.341541943486565,-5.69198906631258,3.7650427641769735,4.241107446868132,68.57142857142857,5.412420257014228,3.9496362994509426,3.756108999476182,-3.577055493960435,20.0,1,1,0,0,descriptive only
volatility_2_to_5,25,recent,hold_30,2026Q1,211,191,44,42.18009478672986,-0.08838097394048351,-2.795970333695341,-16.27731992386393,-36.441449899037124,27.014218009478675,13.798901571674996,-10.219267421151775,-1.8850740256674872,-0.32881263705266595,45.497630331753555,-1.9051928876285817,-2.8602670294014034,-0.25369802336881464,-9.676277187658066,30.0,0,1,0,3,descriptive only
volatility_2_to_5,25,recent,hold_30,2026Q2,172,155,55,60.46511627906976,3.4434663105728904,2.7583333886177397,-10.278414518466958,-41.76587550010279,12.209302325581394,11.445865979311488,-8.795497888674376,0.44437157198651267,0.9698109389516953,51.74418604651163,3.116442431644173,2.240882183542115,3.915388055542224,-7.5996016592721265,30.0,1,1,1,2,descriptive only
volatility_2_to_5,25,recent,hold_30,2026Q3,35,35,12,74.28571428571429,8.299659694430082,9.091010874489935,-3.5382355615441763,-13.431453971323092,5.714285714285714,13.026659957277262,-5.356118842683991,6.63569274204463,5.948670186138715,68.57142857142857,6.705748426136279,4.5259037656943475,7.144080181370871,-3.636435372718183,30.0,1,1,0,0,descriptive only
volatility_2_to_5,25,recent,recovery_30,2026Q1,211,191,44,53.55450236966824,-1.0153271130024546,2.4809994451097106,-16.19472445646447,-36.441449899037124,25.118483412322274,7.750174893693457,-11.122487590111009,2.448615899388884,-0.31518181342359614,57.81990521327014,0.20641439271266715,1.1343581115644734,4.082819154290163,-7.785651878458411,30.0,1,1,2,3,descriptive only
volatility_2_to_5,25,recent,recovery_30,2026Q2,172,155,55,69.18604651162791,2.6910948510691215,5.701260806206077,-9.720741253458728,-41.76587550010279,9.883720930232558,8.007460354904827,-9.245650336788408,4.346437303803652,0.9164487075395676,64.53488372093024,3.766342928620947,2.8668225914697087,5.3466389268838395,-6.907076435500387,19.0,1,1,2,2,descriptive only
volatility_2_to_5,25,recent,recovery_30,2026Q3,35,35,12,88.57142857142857,7.100562803869522,7.953110681092079,-0.2089919062996311,-7.920757546692703,0.0,8.513631033541671,-3.8507159760896164,6.627067335038661,6.617325355533292,85.71428571428571,7.204748792940796,7.5515341932543585,7.463665784552886,-2.76649551689786,13.0,1,1,0,0,descriptive only
volatility_2_to_5,25,recent,recovery_stop_10,2026Q1,211,191,44,49.763033175355446,-1.5433152398549697,-0.11623668958715694,-13.581591899946943,-26.16384115838155,33.649289099526065,7.8586927236429815,-10.856625015018032,1.2344502201488305,-0.9027078147463816,52.60663507109005,-3.1090508575581177,-1.2680110700082405,2.526902030788092,-7.785651878458411,12.0,0,1,0,3,descriptive only
volatility_2_to_5,25,recent,recovery_stop_10,2026Q2,172,155,55,62.7906976744186,1.6924727217184048,4.966580213640171,-11.485880860237867,-15.604976503926714,19.186046511627907,7.95469175090866,-8.875021890040152,3.4503033254381976,0.38883918974854714,59.883720930232556,0.10069618645554579,0.34553461996702506,3.9152464842114543,-6.907076435500387,12.0,1,1,2,2,descriptive only
volatility_2_to_5,25,recent,recovery_stop_10,2026Q3,35,35,12,88.57142857142857,6.587134570751235,7.953110681092079,-0.2089919062996311,-13.320326094994261,5.714285714285714,8.513631033541671,-8.343213015874623,6.627067335038661,6.177976065444999,85.71428571428571,7.204748792940796,7.5515341932543585,7.463665784552886,-2.76649551689786,10.0,1,1,0,0,descriptive only
volatility_2_to_5,25,recent,trailing_close_10,2026Q1,211,191,44,36.96682464454976,-1.4249150316045798,-5.352085212500645,-13.186831578771185,-26.16384115838155,27.96208530805687,11.74914930886048,-9.1510580282683,-4.965943288382292,-1.640742862974613,38.388625592417064,-6.123263731186676,-5.171302593392186,-2.989736335144,-7.9772911597729035,19.0,0,1,0,3,descriptive only
volatility_2_to_5,25,recent,trailing_close_10,2026Q2,172,155,55,46.51162790697674,1.63412587702973,-2.1610507979523073,-10.838948318345734,-15.604976503926714,13.953488372093023,12.3726342372039,-7.703707479643462,-3.16805352787724,-0.14428183947063214,40.69767441860465,-0.06712704632755306,-1.5535667923378127,-2.3095606053404993,-7.025765514331772,24.5,0,1,0,2,descriptive only
volatility_2_to_5,25,recent,trailing_close_10,2026Q3,35,35,12,71.42857142857143,8.21478268055856,9.091010874489935,-6.201421656277891,-10.69710224994137,2.857142857142857,13.597559457302053,-5.242159261300165,6.225641027105366,5.9589625800015344,71.42857142857143,4.981164598341287,2.8997076656035903,7.144080181370871,-3.577055493960435,30.0,1,1,0,0,descriptive only
