entry_filter,cost_bps_per_side,period,policy,trades,tickers,signal_dates,win_rate_pct,mean_net_return_pct,median_net_return_pct,p10_net_return_pct,worst_net_return_pct,loss_at_least_10pct_rate,mean_winner_pct,mean_loser_pct,median_excess_spy_pp,mean_excess_spy_pp,beat_spy_pct,date_balanced_median_return_pct,date_balanced_median_excess_spy_pp,median_return_without_3_largest_dates_pct,median_adverse_excursion_pct,median_sessions_to_exit,positive_quarters_min30,quarters_min30,positive_sectors_min30,sectors_min30,sample_flag
all_drops,0,older,hold_20,1323,470,235,60.39304610733183,3.131952264111056,2.7005188398401048,-10.516132095912946,-39.00729108244532,11.11111111111111,10.134079020465714,-7.5449547555976695,-0.3669526335978057,0.23004910835269843,47.921390778533635,0.5415944540727802,-0.6877975633961642,0.7765359456054832,-5.721096543504178,20.0,4,5,11,11,descriptive only
all_drops,0,older,hold_30,1323,470,235,59.48601662887377,4.489426255634397,2.816571218058206,-13.652271090069313,-44.6772997032641,15.570672713529857,14.10703133122182,-9.631945375871764,-1.117080671020254,0.39063776831513614,46.86318972033258,0.8034697528182699,-1.117080671020254,0.20943272872411267,-6.9279261714434215,30.0,4,5,11,11,descriptive only
all_drops,0,older,recovery_30,1323,470,235,67.4225245653817,2.9978309651265334,5.832972739073994,-12.46600936812993,-44.6772997032641,13.151927437641723,9.340462250590463,-10.128914061866102,1.890270345539924,0.09801436219753104,56.840513983371125,2.8612302960863145,1.5862350860507357,3.476967857499791,-5.787138608551512,29.0,4,5,11,11,descriptive only
all_drops,0,older,recovery_stop_10,1323,470,235,64.70143613000756,2.6661790318652936,5.366795366795363,-11.986024890723728,-33.02084309865316,18.972033257747544,9.323090071636068,-9.535782103132105,1.3304473588176657,0.059222640912119144,54.043839758125465,2.489968377135865,0.763835335371077,2.675909843293167,-5.787138608551512,19.0,4,5,11,11,descriptive only
all_drops,0,older,trailing_close_10,1323,470,235,55.479969765684054,3.3585778585431587,1.549186676994574,-11.293358633776087,-33.02084309865316,15.797430083144368,12.621211542901568,-8.18433067170993,-1.9568636594446969,-0.14298605397494157,43.53741496598639,-0.6594849452418727,-1.8040178065253043,-0.7818689930758904,-6.118029236599886,30.0,3,5,10,11,descriptive only
all_drops,0,recent,hold_20,697,358,120,51.79340028694405,1.7083153598631207,0.3875968992248069,-13.203610561879957,-39.372247890501285,18.077474892395983,11.66230682292787,-8.986300468012994,-0.3130685921512999,0.23562369307332137,48.20659971305595,-0.12134729988253212,-1.4405716562516102,0.7089443527241057,-7.85250785250784,20.0,2,3,5,7,descriptive only
all_drops,0,recent,hold_30,697,358,120,51.21951219512195,3.370451991057655,0.593386610518265,-14.644237330109904,-41.473975126669735,19.79913916786227,15.752198784356086,-9.630382141905693,-0.5777169988602893,1.6720095201514298,48.63701578192253,2.155020514730049,-1.1876420943902537,1.878458402096883,-9.456462114526943,30.0,2,3,4,7,descriptive only
all_drops,0,recent,recovery_30,697,358,120,61.69296987087518,1.665432448341021,4.984481035299071,-13.892210334504469,-41.473975126669735,16.786226685796272,8.922863432029153,-10.022565016025634,3.4976152336894106,0.7309050597070689,60.832137733142034,4.598167157971972,3.0226169150275286,5.548479541474283,-7.4437895655970365,29.0,3,3,7,7,descriptive only
all_drops,0,recent,recovery_stop_10,697,358,120,54.51936872309899,0.16384184460877266,2.831729896532953,-13.099652987286811,-25.793735099025085,26.97274031563845,8.725965928364426,-10.099903113836488,1.7720259590063625,-0.4934817354000693,53.9454806312769,1.0691494103029135,0.1179817708469697,3.6333168297977725,-7.4437895655970365,12.0,2,3,6,7,descriptive only
all_drops,0,recent,trailing_close_10,697,358,120,41.89383070301291,0.7746683845207635,-3.239145416953837,-12.208532175716716,-25.793735099025085,20.22955523672884,13.515785055308276,-8.411519437380356,-3.7279583043565934,-0.4100794401570896,39.74175035868006,-2.1688512028275153,-3.6425109959180606,-2.3255813953488413,-7.4616334450520405,19.0,1,3,0,7,descriptive only
all_drops,10,older,hold_20,1323,470,235,59.78835978835979,2.925894417429527,2.4953229980022806,-10.694921042774252,-39.12915463672615,11.489040060468632,10.015015818807393,-7.614509771461248,-0.36621946150271434,0.22958946977457226,47.921390778533635,0.3407121474712671,-0.6864233424902499,0.575184225434433,-5.721096543504178,20.0,4,5,11,11,descriptive only
all_drops,10,older,hold_30,1323,470,235,58.730158730158735,4.280656173205569,2.6111435033368213,-13.82479402495428,-44.78783456899183,15.646258503401361,14.058432305268866,-9.633871399346045,-1.1148487416076214,0.3898572732735473,46.86318972033258,0.6020642188466152,-1.1148487416076214,0.009214081913477834,-6.9279261714434215,30.0,4,5,11,11,descriptive only
all_drops,10,older,recovery_30,1323,470,235,66.89342403628117,2.79204109306835,5.621518248086854,-12.640902456305488,-44.78783456899183,13.227513227513226,9.194546243407613,-10.144527532617145,1.8864935816127693,0.09781852930602711,56.840513983371125,2.655713352437794,1.5830657851794827,3.2702206689733337,-5.787138608551512,29.0,4,5,11,11,descriptive only
all_drops,10,older,recovery_stop_10,1323,470,235,64.24792139077853,2.461051801032406,5.15627229912945,-12.161876988844138,-33.154667587966536,19.65230536659108,9.169299823753137,-9.593939360305063,1.3277891223365312,0.059104313957249285,54.043839758125465,2.285193215543191,0.7623091908448787,2.470763170279622,-5.787138608551512,19.0,4,5,11,11,descriptive only
all_drops,10,older,trailing_close_10,1323,470,235,54.79969765684052,3.1520672134711556,1.3462911991184878,-11.47059468046184,-33.154667587966536,16.55328798185941,12.55089662890829,-8.242834669792932,-1.9529538419433163,-0.14270036755341292,43.53741496598639,-0.8579674928038239,-1.800413375343446,-0.9801070170657289,-6.118029236599886,30.0,3,5,10,11,descriptive only
all_drops,10,recent,hold_20,697,358,120,50.50215208034433,1.5051019425607082,0.18702228004554566,-13.377029921396666,-39.49338226035043,18.220946915351508,11.73442752442458,-8.93177517284823,-0.31244308047868596,0.23515291646378442,48.20659971305595,-0.3209050475351055,-1.437693391204156,0.507727680690695,-7.85250785250784,20.0,2,3,5,7,descriptive only
all_drops,10,recent,hold_30,697,358,120,50.64562410329986,3.1639176214451643,0.39240082308467095,-14.81477831446531,-41.590910241301756,20.22955523672884,15.697303466223342,-9.697376573923137,-0.576562719142304,1.6686688417894884,48.63701578192253,1.9509145796356848,-1.185269183112747,1.674905038656127,-9.456462114526943,30.0,2,3,4,7,descriptive only
all_drops,10,recent,recovery_30,697,358,120,60.97560975609756,1.4623047111815093,4.77472183243135,-14.064253870299655,-41.590910241301756,17.073170731707318,8.808726097435688,-10.016478704840644,3.490626991464274,0.7294447099374249,60.832137733142034,4.389179811003013,3.016577720392105,5.337593468464363,-7.4437895655970365,29.0,3,3,7,7,descriptive only
all_drops,10,recent,recovery_stop_10,697,358,120,54.08895265423242,-0.036285711524301045,2.626271894741672,-13.273280054245273,-25.941999364561497,27.69010043041607,8.577426462208892,-10.18431536620372,1.7684854475997325,-0.49249575790676253,53.9454806312769,0.8672130478447754,0.11774604303308722,3.426257255712284,-7.4437895655970365,12.0,2,3,5,7,descriptive only
all_drops,10,recent,trailing_close_10,697,358,120,41.46341463414634,0.573320395740513,-3.4324737977391218,-12.38393970383715,-25.941999364561497,21.37733142037303,13.42806898630825,-8.5321265225783,-3.7205098362160234,-0.40926010061631635,39.74175035868006,-2.36431803359109,-3.6352332516704777,-2.520735078874603,-7.4616334450520405,19.0,1,3,0,7,descriptive only
all_drops,25,older,hold_20,1323,470,235,58.57898715041572,2.617578437357397,2.188296800738665,-10.962435676481958,-39.311494119440596,12.093726379440666,9.888450541940953,-7.665133024416791,-0.3651224458990576,0.22890173125368402,47.921390778533635,0.04014011764350567,-0.6843671516086225,0.2739098311635546,-5.721096543504178,20.0,4,5,11,11,descriptive only
all_drops,25,older,hold_30,1323,470,235,57.67195767195767,3.9682819850327395,2.3037703641028306,-14.082933079645025,-44.95322339551714,16.099773242630384,13.971466852031421,-9.661057396252964,-1.111509196351823,0.3886894502686739,46.86318972033258,0.30070930517328565,-1.111509196351823,-0.29036494074582975,-6.9279261714434215,30.0,4,5,10,11,descriptive only
all_drops,25,older,recovery_30,1323,470,235,65.98639455782312,2.4841260725323977,5.305127488505068,-12.902587875022045,-44.95322339551714,13.60544217687075,8.991547261613082,-10.140271034284131,1.8808425632679038,0.09752551251075978,56.840513983371125,2.3482067035871355,1.5783236891128372,2.960873254719265,-5.787138608551512,29.0,4,5,11,11,descriptive only
all_drops,25,older,recovery_stop_10,1323,470,235,63.34089191232049,2.1541282636265735,4.841275190402383,-12.424997335159004,-33.35490373157758,20.786092214663643,8.97119898546689,-9.624645478439787,1.323811711142775,0.058927266144477436,54.043839758125465,1.9787964650304524,0.7600256828255825,2.1638105423291365,-5.787138608551512,19.0,4,5,11,11,descriptive only
all_drops,25,older,trailing_close_10,1323,470,235,53.81708238851096,2.8430737295728794,1.0427069429447489,-11.735785772759735,-33.35490373157758,18.367346938775512,12.439653408398609,-8.339847270957266,-1.947103740943735,-0.1422729065735717,43.53741496598639,-1.1549488607269343,-1.7950202114802916,-1.2767225143074101,-6.118029236599886,30.0,2,5,8,11,descriptive only
all_drops,25,recent,hold_20,697,358,120,49.21090387374462,1.2010419665471064,-0.11308936959926186,-13.636510259825679,-39.67463069403993,18.794835007173603,11.701674199124795,-8.973299433944836,-0.3115071527889812,0.2344485125592405,48.20659971305595,-0.6194951936486948,-1.4333867602104617,0.20665535345865127,-7.85250785250784,20.0,2,3,4,7,descriptive only
all_drops,25,recent,hold_30,697,358,120,50.07173601147776,2.85488863948132,0.09167395909424059,-15.069951857141767,-41.76587550010279,21.664275466284074,15.528543655944077,-9.85518492587932,-0.5748356173198133,1.6636703205496777,48.63701578192253,1.6455191655294106,-1.1817186924232277,1.3703364150539965,-9.456462114526943,30.0,2,3,4,7,descriptive only
all_drops,25,recent,recovery_30,697,358,120,60.54519368723099,1.1583729348829723,4.460867663551937,-14.321675619619143,-41.76587550010279,18.364418938307033,8.54427492052935,-10.175629384908923,3.480170768683477,0.7272596479379566,60.832137733142034,4.076480538730237,3.0075415189426105,5.022053209596633,-7.4437895655970365,29.0,3,3,7,7,descriptive only
all_drops,25,recent,recovery_stop_10,697,358,120,53.80200860832137,-0.3357284389054748,2.3188534381961334,-13.533071176876394,-26.16384115838155,29.555236728837876,8.29706117625433,-10.389443052833819,1.763187924298082,-0.49102047986191466,53.9454806312769,0.565063877084465,0.11739333308714572,3.116442431644173,-7.4437895655970365,12.0,2,3,5,7,descriptive only
all_drops,25,recent,trailing_close_10,697,358,120,40.88952654232425,0.27205158459797707,-3.7217431954228775,-12.646394858132082,-26.16384115838155,22.812051649928264,13.274358345374786,-8.722262558172389,-3.7093649961054465,-0.4080341561662816,39.74175035868006,-2.6567871070528106,-3.6243438587813177,-2.8127356028533224,-7.4616334450520405,19.0,1,3,0,7,descriptive only
volatility_2_to_5,0,older,hold_20,734,369,195,60.08174386920982,3.0204100470205235,2.8309703638216166,-10.539359209697347,-29.476318829418556,10.899182561307901,9.984550790996906,-7.461453666609459,-0.26849264969591724,0.25576867478458365,48.77384196185286,0.5415944540727802,-0.6877975633961642,0.7596594629993625,-6.075490176922587,20.0,4,5,8,8,descriptive only
volatility_2_to_5,0,older,hold_30,734,369,195,58.719346049046315,4.13766163265898,2.782383786848075,-13.917843388960208,-41.25,16.7574931880109,13.98509983000957,-9.8697504566417,-1.1565096533671158,0.120897639797528,47.13896457765668,0.3507131166705646,-1.037485281579631,-0.09899589874132753,-7.1737914167482435,30.0,3,5,8,8,descriptive only
volatility_2_to_5,0,older,recovery_30,734,369,195,68.66485013623979,2.8719373881470207,6.054379382768326,-13.233399491322212,-41.25,14.168937329700274,9.133880530028918,-10.849885844498528,2.2872252756280966,0.22882472865878967,59.53678474114441,3.6721500302339005,1.8905895871730194,4.122226793682926,-5.980758664627578,24.0,4,5,8,8,descriptive only
volatility_2_to_5,0,older,recovery_stop_10,734,369,195,65.9400544959128,2.579242498946775,5.7726312264906765,-12.058648961502326,-33.02084309865316,19.618528610354225,9.10765674074672,-10.059767473177915,1.8478735632678758,0.26737433325648907,56.403269754768395,2.5280092205630105,1.0942755939518438,3.3482358627356046,-5.980758664627578,17.0,4,5,8,8,descriptive only
volatility_2_to_5,0,older,trailing_close_10,734,369,195,53.67847411444142,3.000403392438721,1.0229302951803798,-11.32960877854633,-33.02084309865316,17.029972752043594,12.829988225631556,-8.390350796614154,-2.3023817343755084,-0.25413751628774106,42.50681198910082,-0.7976740718652287,-2.2517379671448623,-1.8935079726651427,-6.436781480944248,30.0,2,5,5,8,descriptive only
volatility_2_to_5,0,recent,hold_20,418,290,111,52.87081339712919,1.151844754649253,0.6148689663985851,-12.607617606477742,-39.372247890501285,16.74641148325359,9.879755987737386,-8.639365308865862,-0.27262827993480565,-0.27770309637681084,48.5645933014354,0.526403464934222,-0.37225339282668246,1.1820762368207616,-6.881650223850178,20.0,2,3,3,5,descriptive only
volatility_2_to_5,0,recent,hold_30,418,290,111,54.066985645933016,2.578878293809161,1.0965760379538558,-13.902637229872447,-41.473975126669735,17.22488038277512,12.754787083580718,-9.399014344151107,-0.06606568518129352,0.734840810819932,50.0,1.3900395839086865,-0.35194472201446336,2.6984667802385065,-7.941251072782696,30.0,2,3,4,5,descriptive only
volatility_2_to_5,0,recent,recovery_30,418,290,111,64.5933014354067,1.6965784716695784,5.683153952441867,-12.972930275748928,-41.473975126669735,15.07177033492823,8.282572513470894,-10.318410658643637,3.8333696036015885,0.7759567171861756,62.91866028708134,5.128119744925974,2.881192629522178,5.948007911839492,-6.862631293747934,27.0,3,3,5,5,descriptive only
volatility_2_to_5,0,recent,recovery_stop_10,418,290,111,59.569377990430624,0.9725403011325251,4.702129131373411,-12.410545090968185,-25.793735099025085,22.966507177033492,8.35809780006911,-9.909139090791795,3.1516586656751056,0.2227332671412452,58.3732057416268,1.2380416432189012,0.9767310969148619,5.121207256381455,-6.862631293747934,12.0,3,3,5,5,descriptive only
volatility_2_to_5,0,recent,trailing_close_10,418,290,111,45.45454545454545,1.145446865807084,-2.2423343677885232,-11.2876126679027,-25.793735099025085,17.464114832535884,12.372465026964674,-8.210401601824241,-3.3760332871687337,-0.39058328597085934,42.10526315789473,0.166771007426175,-2.3287296265915858,-1.5594603074992053,-7.025163772247545,23.0,1,3,1,5,descriptive only
volatility_2_to_5,10,older,hold_20,734,369,195,59.53678474114441,2.814575061911603,2.625513879578234,-10.718101748738901,-29.617225285303828,11.1716621253406,9.854847537312825,-7.544344371591202,-0.2679562008453873,0.2552576484613404,48.77384196185286,0.3407121474712671,-0.6864233424902499,0.5583414620742966,-6.075490176922587,20.0,4,5,8,8,descriptive only
volatility_2_to_5,10,older,hold_30,734,369,195,58.03814713896458,3.9295943766496824,2.5770243786825575,-14.089835709861378,-41.36738261738261,16.893732970027248,13.919723799301607,-9.887922292342916,-1.15419894476898,0.12065608607165952,47.13896457765668,0.15021219136253094,-1.0354123839141138,-0.2985983045380336,-7.1737914167482435,30.0,3,5,8,8,descriptive only
volatility_2_to_5,10,older,recovery_30,734,369,195,68.25613079019074,2.666399051707178,5.8424825208647,-13.406759332498389,-41.36738261738261,14.305177111716622,8.969550610898542,-10.886729408184985,2.282655394957523,0.22836753639373736,59.53678474114441,3.465012867336348,1.8868121854004438,3.9141903765127273,-5.980758664627578,24.0,4,5,8,8,descriptive only
volatility_2_to_5,10,older,recovery_stop_10,734,369,195,65.66757493188011,2.374288967480359,5.561297297966217,-12.23435595658423,-33.154667587966536,20.29972752043597,8.926816547367356,-10.158720133732077,1.8441815081964181,0.2668401188044282,56.403269754768395,2.3231580532891645,1.0920892291287565,3.1417458809918752,-5.980758664627578,17.0,4,5,8,8,descriptive only
volatility_2_to_5,10,older,trailing_close_10,734,369,195,52.997275204359674,2.7946083806656272,0.8210862786066087,-11.506772397370405,-33.154667587966536,17.71117166212534,12.767427124899353,-8.450106087470369,-2.2977815710700678,-0.2536297490224302,42.50681198910082,-0.995880517276071,-2.247238990187528,-2.0895249397527293,-6.436781480944248,30.0,2,5,4,8,descriptive only
volatility_2_to_5,10,recent,hold_20,418,290,111,51.91387559808612,0.9497431667278874,0.4138402571750244,-12.782227761110148,-39.49338226035043,16.985645933014354,9.840082875711824,-8.648285275309496,-0.27208356808678946,-0.2771482450353981,48.5645933014354,0.3255515099593209,-0.37150962980403435,0.9799142463376098,-6.881650223850178,20.0,2,3,3,5,descriptive only
volatility_2_to_5,10,recent,hold_30,418,290,111,53.34928229665071,2.373925490025338,0.8945848770388953,-14.074659932709856,-41.590910241301756,17.703349282296653,12.69862894802619,-9.433299490149993,-0.06593368581030434,0.7333725974116994,50.0,1.1874620822425408,-0.3512415357566858,2.493275038419851,-7.941251072782696,30.0,2,3,3,5,descriptive only
volatility_2_to_5,10,recent,recovery_30,418,290,111,63.63636363636363,1.4933885046932267,5.471998799689759,-13.146810534938227,-41.590910241301756,15.550239234449762,8.189047980474063,-10.224015577923236,3.8257105234745237,0.774406354114875,62.91866028708134,4.918073551629432,2.875436000891751,5.736323580347302,-6.862631293747934,27.0,3,3,5,5,descriptive only
volatility_2_to_5,10,recent,recovery_stop_10,418,290,111,58.85167464114832,0.770796963867535,4.492934068173882,-12.585548996880327,-25.941999364561497,23.684210526315788,8.242397708666507,-9.915329682763552,3.1453616453640754,0.22228824562847554,58.3732057416268,1.0357678337419518,0.9747795862317057,4.911174874250834,-6.862631293747934,12.0,3,3,5,5,descriptive only
volatility_2_to_5,10,recent,trailing_close_10,418,290,111,44.73684210526316,0.9433580608804079,-2.437654379041682,-11.464860195039746,-25.941999364561497,18.660287081339714,12.344594490185882,-8.286214286652594,-3.3692879659156514,-0.38980289978510385,42.10526315789473,-0.03336240118005929,-2.3240768201448603,-1.7561447024892152,-7.025163772247545,23.0,1,3,1,5,descriptive only
volatility_2_to_5,25,older,hold_20,734,369,195,58.855585831062676,2.5065925405516043,2.3180976936778896,-10.985546944312315,-29.828057887625935,11.852861035422343,9.637896886838838,-7.694478577316228,-0.26715353423608645,0.25449302054625855,48.77384196185286,0.04014011764350567,-0.6843671516086225,0.2571175205405174,-6.075490176922587,20.0,3,5,8,8,descriptive only
volatility_2_to_5,25,older,hold_30,734,369,195,56.675749318801095,3.6182717990796434,2.269753443771516,-14.347180828416755,-41.54301745635909,17.029972752043594,13.908998814353104,-9.843811340397593,-1.150741525420146,0.12029465905040479,47.13896457765668,-0.14978919313825,-1.032310791397184,-0.5972552708174095,-7.1737914167482435,30.0,2,5,7,8,descriptive only
volatility_2_to_5,25,older,recovery_30,734,369,195,67.0299727520436,2.358860393692433,5.5254298596622675,-13.666150616053772,-41.54301745635909,14.305177111716622,8.804171259070076,-10.744829464843932,2.2758176682683597,0.22768345819166283,59.53678474114441,3.155081950282612,1.881160212673405,3.6029139418441325,-5.980758664627578,24.0,4,5,8,8,descriptive only
volatility_2_to_5,25,older,recovery_stop_10,734,369,195,64.44141689373298,2.067625329375979,5.24508693109671,-12.497259191120756,-33.35490373157758,21.389645776566756,8.767223376778608,-10.073791821664033,1.8386572362690368,0.266040795434761,56.403269754768395,2.0166475785652054,1.0888178603161602,2.83278331479182,-5.980758664627578,17.0,4,5,8,8,descriptive only
volatility_2_to_5,25,older,trailing_close_10,734,369,195,51.49863760217984,2.486685669783176,0.519075281239334,-11.77185511880295,-33.35490373157758,19.346049046321525,12.796055924273483,-8.459780499310462,-2.29089853370531,-0.25286999750326605,42.50681198910082,-1.2924487647736127,-2.2405073538424247,-2.3828171598339054,-6.436781480944248,30.0,2,5,3,8,descriptive only
volatility_2_to_5,25,recent,hold_20,418,290,111,50.95693779904307,0.6473467758230835,0.11304917105496859,-13.04348983786687,-39.67463069403993,17.464114832535884,9.691500642436173,-8.749749680706614,-0.27126853789024574,-0.27631804352705097,48.5645933014354,0.025024894036795864,-0.37039676742604,0.6774274775348754,-6.881650223850178,20.0,2,3,3,5,descriptive only
volatility_2_to_5,25,recent,hold_30,418,290,111,52.39234449760766,2.0672629407228427,0.5923537135750556,-14.332050510521446,-41.76587550010279,19.138755980861244,12.58979662382045,-9.512811816052913,-0.06573618051706198,0.7311757693694597,50.0,0.8843536009465636,-0.3501893867425667,2.1862549758483008,-7.941251072782696,30.0,2,3,3,5,descriptive only
volatility_2_to_5,25,recent,recovery_30,418,290,111,62.91866028708134,1.189363616449293,5.156055927741432,-13.406980498812514,-41.76587550010279,16.74641148325359,7.956578354603905,-10.29307171345176,3.814250553209564,0.7720866088710335,62.91866028708134,4.603789970637062,2.8668225914697087,5.41958891976051,-6.862631293747934,27.0,3,3,5,5,descriptive only
volatility_2_to_5,25,recent,recovery_stop_10,418,290,111,58.3732057416268,0.46893660885756056,4.179923998548629,-12.847400227671573,-26.16384115838155,25.358851674641148,7.984393471805082,-10.069979911597585,3.1359396698363406,0.22162237802832163,58.3732057416268,0.7331137547240685,0.9718596201222676,4.596911958344663,-6.862631293747934,12.0,2,3,4,5,descriptive only
volatility_2_to_5,25,recent,trailing_close_10,418,290,111,43.7799043062201,0.6409807966509498,-2.729903772437947,-11.730068465070248,-26.16384115838155,20.095693779904305,12.27422607377039,-8.418099568084614,-3.359195215911026,-0.3886352396567904,42.10526315789473,-0.3328138853789242,-2.3171150149876474,-2.0504355678109154,-7.025163772247545,23.0,1,3,1,5,descriptive only
